{
  "alias": "gpt-5.1",
  "model_id": "gpt-5.1",
  "runner": "openai",
  "n": 300,
  "api_calls": 300,
  "predicted_label_dist": {
    "HALLUCINATED": 284,
    "VALID": 15,
    "UNCERTAIN": 1
  },
  "overall": {
    "tool_name": "gpt-5.1",
    "split_name": "temporal_2024_2025_n300",
    "num_entries": 300,
    "num_hallucinated": 150,
    "num_valid": 150,
    "detection_rate": 0.9733333333333334,
    "false_positive_rate": 0.9261744966442953,
    "f1_hallucination": 0.6728110599078342,
    "tier_weighted_f1": 0.7956104252400549,
    "mcc": 0.10801822775914618,
    "macro_f1": 0.4034787006856244,
    "union_recall_at_k": {},
    "temporal_robustness": null,
    "cost_efficiency": 0.40299445234014764,
    "mean_api_calls": 1.0,
    "ece": 0.3514046822742474,
    "auroc": 0.6877628635346754,
    "auprc": 0.7258535214554409,
    "num_uncertain": 1,
    "tier3_f1": 0.3561643835616438,
    "detection_rate_ci": null,
    "f1_hallucination_ci": null,
    "tier_weighted_f1_ci": null,
    "fpr_ci": null,
    "ece_ci": null,
    "mcc_ci": null,
    "tier3_f1_ci": null,
    "per_tier_metrics": {
      "1": {
        "detection_rate": 1.0,
        "false_positive_rate": 0.9261744966442953,
        "f1": 0.37272727272727274,
        "precision": 0.22905027932960895,
        "num_hallucinated": 41,
        "num_valid": 150
      },
      "2": {
        "detection_rate": 0.9850746268656716,
        "false_positive_rate": 0.9261744966442953,
        "f1": 0.48708487084870855,
        "precision": 0.3235294117647059,
        "num_hallucinated": 67,
        "num_valid": 150
      },
      "3": {
        "detection_rate": 0.9285714285714286,
        "false_positive_rate": 0.9261744966442953,
        "f1": 0.3561643835616438,
        "precision": 0.22033898305084745,
        "num_hallucinated": 42,
        "num_valid": 150
      }
    },
    "per_type_metrics": {
      "arxiv_version_mismatch": {
        "detection_rate": 0.9444444444444444,
        "false_positive_rate": 0.0,
        "f1": 0.9714285714285714,
        "count": 18
      },
      "chimeric_title": {
        "detection_rate": 1.0,
        "false_positive_rate": 0.0,
        "f1": 1.0,
        "count": 11
      },
      "fabricated_doi": {
        "detection_rate": 1.0,
        "false_positive_rate": 0.0,
        "f1": 1.0,
        "count": 6
      },
      "future_date": {
        "detection_rate": 1.0,
        "false_positive_rate": 0.0,
        "f1": 1.0,
        "count": 18
      },
      "hybrid_fabrication": {
        "detection_rate": 1.0,
        "false_positive_rate": 0.0,
        "f1": 1.0,
        "count": 10
      },
      "merged_citation": {
        "detection_rate": 1.0,
        "false_positive_rate": 0.0,
        "f1": 1.0,
        "count": 8
      },
      "near_miss_title": {
        "detection_rate": 0.8181818181818182,
        "false_positive_rate": 0.0,
        "f1": 0.9,
        "count": 11
      },
      "nonexistent_venue": {
        "detection_rate": 1.0,
        "false_positive_rate": 0.0,
        "f1": 1.0,
        "count": 6
      },
      "partial_author_list": {
        "detection_rate": 0.9166666666666666,
        "false_positive_rate": 0.0,
        "f1": 0.9565217391304348,
        "count": 12
      },
      "placeholder_authors": {
        "detection_rate": 1.0,
        "false_positive_rate": 0.0,
        "f1": 1.0,
        "count": 11
      },
      "plausible_fabrication": {
        "detection_rate": 1.0,
        "false_positive_rate": 0.0,
        "f1": 1.0,
        "count": 13
      },
      "preprint_as_published": {
        "detection_rate": 1.0,
        "false_positive_rate": 0.0,
        "f1": 1.0,
        "count": 6
      },
      "swapped_authors": {
        "detection_rate": 1.0,
        "false_positive_rate": 0.0,
        "f1": 1.0,
        "count": 11
      },
      "valid": {
        "detection_rate": 0.0,
        "false_positive_rate": 0.9261744966442953,
        "f1": 0.0,
        "count": 150
      },
      "wrong_venue": {
        "detection_rate": 1.0,
        "false_positive_rate": 0.0,
        "f1": 1.0,
        "count": 9
      }
    },
    "coverage": 1.0,
    "coverage_adjusted_f1": 0.6728110599078342,
    "type_accuracy": {
      "overall": 0.2602739726027397,
      "main_types_only": 0.34545454545454546,
      "stress_test_only": 0.0,
      "num_evaluated": 146.0,
      "num_correct": 38.0,
      "tier_1": 0.5609756097560976,
      "tier_2": 0.015151515151515152,
      "tier_3": 0.358974358974359
    },
    "type_confusion": {
      "fabricated_doi": {
        "fabricated_doi": 5,
        "nonexistent_venue": 0,
        "placeholder_authors": 0,
        "future_date": 0,
        "chimeric_title": 0,
        "wrong_venue": 0,
        "swapped_authors": 0,
        "preprint_as_published": 0,
        "hybrid_fabrication": 0,
        "near_miss_title": 0,
        "plausible_fabrication": 1,
        "merged_citation": 0,
        "partial_author_list": 0,
        "arxiv_version_mismatch": 0,
        "VALID": 0,
        "UNCERTAIN": 0,
        "HALLUCINATED_unknown": 0
      },
      "nonexistent_venue": {
        "fabricated_doi": 0,
        "nonexistent_venue": 0,
        "placeholder_authors": 0,
        "future_date": 0,
        "chimeric_title": 0,
        "wrong_venue": 0,
        "swapped_authors": 0,
        "preprint_as_published": 0,
        "hybrid_fabrication": 1,
        "near_miss_title": 0,
        "plausible_fabrication": 5,
        "merged_citation": 0,
        "partial_author_list": 0,
        "arxiv_version_mismatch": 0,
        "VALID": 0,
        "UNCERTAIN": 0,
        "HALLUCINATED_unknown": 0
      },
      "placeholder_authors": {
        "fabricated_doi": 4,
        "nonexistent_venue": 0,
        "placeholder_authors": 0,
        "future_date": 0,
        "chimeric_title": 0,
        "wrong_venue": 0,
        "swapped_authors": 0,
        "preprint_as_published": 0,
        "hybrid_fabrication": 0,
        "near_miss_title": 0,
        "plausible_fabrication": 7,
        "merged_citation": 0,
        "partial_author_list": 0,
        "arxiv_version_mismatch": 0,
        "VALID": 0,
        "UNCERTAIN": 0,
        "HALLUCINATED_unknown": 0
      },
      "future_date": {
        "fabricated_doi": 0,
        "nonexistent_venue": 0,
        "placeholder_authors": 0,
        "future_date": 18,
        "chimeric_title": 0,
        "wrong_venue": 0,
        "swapped_authors": 0,
        "preprint_as_published": 0,
        "hybrid_fabrication": 0,
        "near_miss_title": 0,
        "plausible_fabrication": 0,
        "merged_citation": 0,
        "partial_author_list": 0,
        "arxiv_version_mismatch": 0,
        "VALID": 0,
        "UNCERTAIN": 0,
        "HALLUCINATED_unknown": 0
      },
      "chimeric_title": {
        "fabricated_doi": 3,
        "nonexistent_venue": 0,
        "placeholder_authors": 0,
        "future_date": 0,
        "chimeric_title": 0,
        "wrong_venue": 0,
        "swapped_authors": 0,
        "preprint_as_published": 0,
        "hybrid_fabrication": 1,
        "near_miss_title": 0,
        "plausible_fabrication": 7,
        "merged_citation": 0,
        "partial_author_list": 0,
        "arxiv_version_mismatch": 0,
        "VALID": 0,
        "UNCERTAIN": 0,
        "HALLUCINATED_unknown": 0
      },
      "wrong_venue": {
        "fabricated_doi": 0,
        "nonexistent_venue": 0,
        "placeholder_authors": 0,
        "future_date": 0,
        "chimeric_title": 0,
        "wrong_venue": 1,
        "swapped_authors": 0,
        "preprint_as_published": 0,
        "hybrid_fabrication": 3,
        "near_miss_title": 0,
        "plausible_fabrication": 5,
        "merged_citation": 0,
        "partial_author_list": 0,
        "arxiv_version_mismatch": 0,
        "VALID": 0,
        "UNCERTAIN": 0,
        "HALLUCINATED_unknown": 0
      },
      "swapped_authors": {
        "fabricated_doi": 2,
        "nonexistent_venue": 0,
        "placeholder_authors": 0,
        "future_date": 1,