{
  "alias": "deepseek-v4-pro",
  "model_id": "deepseek/deepseek-v4-pro",
  "runner": "openrouter",
  "n": 300,
  "api_calls": 300,
  "predicted_label_dist": {
    "VALID": 115,
    "HALLUCINATED": 183,
    "UNCERTAIN": 2
  },
  "overall": {
    "tool_name": "deepseek-v4-pro",
    "split_name": "temporal_2024_2025_n300",
    "num_entries": 300,
    "num_hallucinated": 150,
    "num_valid": 150,
    "detection_rate": 0.87248322147651,
    "false_positive_rate": 0.35570469798657717,
    "f1_hallucination": 0.7831325301204819,
    "tier_weighted_f1": 0.8401976935749589,
    "mcc": 0.5307820899293644,
    "macro_f1": 0.7552026286966045,
    "union_recall_at_k": {},
    "temporal_robustness": null,
    "cost_efficiency": 0.026561193585639,
    "mean_api_calls": 1.0,
    "ece": 0.1827852348993288,
    "auroc": 0.7936804648439261,
    "auprc": 0.7571278399391406,
    "num_uncertain": 2,
    "tier3_f1": 0.549618320610687,
    "detection_rate_ci": null,
    "f1_hallucination_ci": null,
    "tier_weighted_f1_ci": null,
    "fpr_ci": null,
    "ece_ci": null,
    "mcc_ci": null,
    "tier3_f1_ci": null,
    "per_tier_metrics": {
      "1": {
        "detection_rate": 1.0,
        "false_positive_rate": 0.35570469798657717,
        "f1": 0.6074074074074074,
        "precision": 0.43617021276595747,
        "num_hallucinated": 41,
        "num_valid": 150
      },
      "2": {
        "detection_rate": 0.803030303030303,
        "false_positive_rate": 0.35570469798657717,
        "f1": 0.6162790697674418,
        "precision": 0.5,
        "num_hallucinated": 67,
        "num_valid": 150
      },
      "3": {
        "detection_rate": 0.8571428571428571,
        "false_positive_rate": 0.35570469798657717,
        "f1": 0.549618320610687,
        "precision": 0.4044943820224719,
        "num_hallucinated": 42,
        "num_valid": 150
      }
    },
    "per_type_metrics": {
      "arxiv_version_mismatch": {
        "detection_rate": 0.9444444444444444,
        "false_positive_rate": 0.0,
        "f1": 0.9714285714285714,
        "count": 18
      },
      "chimeric_title": {
        "detection_rate": 0.8,
        "false_positive_rate": 0.0,
        "f1": 0.888888888888889,
        "count": 11
      },
      "fabricated_doi": {
        "detection_rate": 1.0,
        "false_positive_rate": 0.0,
        "f1": 1.0,
        "count": 6
      },
      "future_date": {
        "detection_rate": 1.0,
        "false_positive_rate": 0.0,
        "f1": 1.0,
        "count": 18
      },
      "hybrid_fabrication": {
        "detection_rate": 1.0,
        "false_positive_rate": 0.0,
        "f1": 1.0,
        "count": 10
      },
      "merged_citation": {
        "detection_rate": 1.0,
        "false_positive_rate": 0.0,
        "f1": 1.0,
        "count": 8
      },
      "near_miss_title": {
        "detection_rate": 0.5454545454545454,
        "false_positive_rate": 0.0,
        "f1": 0.7058823529411764,
        "count": 11
      },
      "nonexistent_venue": {
        "detection_rate": 1.0,
        "false_positive_rate": 0.0,
        "f1": 1.0,
        "count": 6
      },
      "partial_author_list": {
        "detection_rate": 0.5833333333333334,
        "false_positive_rate": 0.0,
        "f1": 0.7368421052631579,
        "count": 12
      },
      "placeholder_authors": {
        "detection_rate": 1.0,
        "false_positive_rate": 0.0,
        "f1": 1.0,
        "count": 11
      },
      "plausible_fabrication": {
        "detection_rate": 1.0,
        "false_positive_rate": 0.0,
        "f1": 1.0,
        "count": 13
      },
      "preprint_as_published": {
        "detection_rate": 1.0,
        "false_positive_rate": 0.0,
        "f1": 1.0,
        "count": 6
      },
      "swapped_authors": {
        "detection_rate": 0.5454545454545454,
        "false_positive_rate": 0.0,
        "f1": 0.7058823529411764,
        "count": 11
      },
      "valid": {
        "detection_rate": 0.0,
        "false_positive_rate": 0.35570469798657717,
        "f1": 0.0,
        "count": 150
      },
      "wrong_venue": {
        "detection_rate": 0.8888888888888888,
        "false_positive_rate": 0.0,
        "f1": 0.9411764705882353,
        "count": 9
      }
    },
    "coverage": 1.0,
    "coverage_adjusted_f1": 0.7831325301204819,
    "type_accuracy": {
      "overall": 0.4485981308411215,
      "main_types_only": 0.569620253164557,
      "stress_test_only": 0.10714285714285714,
      "num_evaluated": 107.0,
      "num_correct": 48.0,
      "tier_1": 0.7142857142857143,
      "tier_2": 0.20930232558139536,
      "tier_3": 0.4827586206896552
    },
    "type_confusion": {
      "fabricated_doi": {
        "fabricated_doi": 5,
        "nonexistent_venue": 0,
        "placeholder_authors": 0,
        "future_date": 0,
        "chimeric_title": 0,
        "wrong_venue": 0,
        "swapped_authors": 0,
        "preprint_as_published": 0,
        "hybrid_fabrication": 0,
        "near_miss_title": 0,
        "plausible_fabrication": 0,
        "merged_citation": 0,
        "partial_author_list": 0,
        "arxiv_version_mismatch": 0,
        "VALID": 0,
        "UNCERTAIN": 0,
        "HALLUCINATED_unknown": 1
      },
      "nonexistent_venue": {
        "fabricated_doi": 1,
        "nonexistent_venue": 2,
        "placeholder_authors": 0,
        "future_date": 0,
        "chimeric_title": 0,
        "wrong_venue": 3,
        "swapped_authors": 0,
        "preprint_as_published": 0,
        "hybrid_fabrication": 0,
        "near_miss_title": 0,
        "plausible_fabrication": 0,
        "merged_citation": 0,
        "partial_author_list": 0,
        "arxiv_version_mismatch": 0,
        "VALID": 0,
        "UNCERTAIN": 0,
        "HALLUCINATED_unknown": 0
      },
      "placeholder_authors": {
        "fabricated_doi": 0,
        "nonexistent_venue": 0,
        "placeholder_authors": 1,
        "future_date": 0,
        "chimeric_title": 0,
        "wrong_venue": 0,
        "swapped_authors": 0,
        "preprint_as_published": 0,
        "hybrid_fabrication": 0,
        "near_miss_title": 0,
        "plausible_fabrication": 6,
        "merged_citation": 0,
        "partial_author_list": 0,
        "arxiv_version_mismatch": 0,
        "VALID": 0,
        "UNCERTAIN": 0,
        "HALLUCINATED_unknown": 4
      },
      "future_date": {
        "fabricated_doi": 0,
        "nonexistent_venue": 0,
        "placeholder_authors": 0,
        "future_date": 17,
        "chimeric_title": 0,
        "wrong_venue": 0,
        "swapped_authors": 0,
        "preprint_as_published": 0,
        "hybrid_fabrication": 0,
        "near_miss_title": 0,
        "plausible_fabrication": 0,
        "merged_citation": 0,
        "partial_author_list": 0,
        "arxiv_version_mismatch": 0,
        "VALID": 0,
        "UNCERTAIN": 0,
        "HALLUCINATED_unknown": 1
      },
      "chimeric_title": {
        "fabricated_doi": 0,
        "nonexistent_venue": 0,
        "placeholder_authors": 0,
        "future_date": 0,
        "chimeric_title": 0,
        "wrong_venue": 0,
        "swapped_authors": 0,
        "preprint_as_published": 0,
        "hybrid_fabrication": 1,
        "near_miss_title": 1,
        "plausible_fabrication": 3,
        "merged_citation": 0,
        "partial_author_list": 0,
        "arxiv_version_mismatch": 0,
        "VALID": 2,
        "UNCERTAIN": 1,
        "HALLUCINATED_unknown": 3
      },
      "wrong_venue": {
        "fabricated_doi": 0,
        "nonexistent_venue": 0,
        "placeholder_authors": 0,
        "future_date": 0,
        "chimeric_title": 0,
        "wrong_venue": 5,
        "swapped_authors": 0,
        "preprint_as_published": 0,
        "hybrid_fabrication": 0,
        "near_miss_title": 0,
        "plausible_fabrication": 2,
        "merged_citation": 0,
        "partial_author_list": 0,
        "arxiv_version_mismatch": 0,
        "VALID": 1,
        "UNCERTAIN": 0,
        "HALLUCINATED_unknown": 1
      },