{
  "alias": "claude-sonnet-4-6",
  "model_id": "anthropic/claude-sonnet-4.6",
  "runner": "openrouter",
  "n": 300,
  "api_calls": 300,
  "predicted_label_dist": {
    "VALID": 91,
    "UNCERTAIN": 43,
    "HALLUCINATED": 166
  },
  "overall": {
    "tool_name": "claude-sonnet-4-6",
    "split_name": "temporal_2024_2025_n300",
    "num_entries": 300,
    "num_hallucinated": 150,
    "num_valid": 150,
    "detection_rate": 0.9366197183098591,
    "false_positive_rate": 0.28695652173913044,
    "f1_hallucination": 0.8636363636363635,
    "tier_weighted_f1": 0.9027777777777778,
    "mcc": 0.6754708579524313,
    "macro_f1": 0.8298764342453662,
    "union_recall_at_k": {},
    "temporal_robustness": null,
    "cost_efficiency": 0.10408296169887171,
    "mean_api_calls": 1.0,
    "ece": 0.11225680933852142,
    "auroc": 0.9439681567666871,
    "auprc": 0.9594715844823615,
    "num_uncertain": 43,
    "tier3_f1": 0.6481481481481481,
    "detection_rate_ci": null,
    "f1_hallucination_ci": null,
    "tier_weighted_f1_ci": null,
    "fpr_ci": null,
    "ece_ci": null,
    "mcc_ci": null,
    "tier3_f1_ci": null,
    "per_tier_metrics": {
      "1": {
        "detection_rate": 1.0,
        "false_positive_rate": 0.28695652173913044,
        "f1": 0.7130434782608697,
        "precision": 0.5540540540540541,
        "num_hallucinated": 41,
        "num_valid": 150
      },
      "2": {
        "detection_rate": 0.9344262295081968,
        "false_positive_rate": 0.28695652173913044,
        "f1": 0.7549668874172185,
        "precision": 0.6333333333333333,
        "num_hallucinated": 67,
        "num_valid": 150
      },
      "3": {
        "detection_rate": 0.875,
        "false_positive_rate": 0.28695652173913044,
        "f1": 0.6481481481481481,
        "precision": 0.5147058823529411,
        "num_hallucinated": 42,
        "num_valid": 150
      }
    },
    "per_type_metrics": {
      "arxiv_version_mismatch": {
        "detection_rate": 1.0,
        "false_positive_rate": 0.0,
        "f1": 1.0,
        "count": 18
      },
      "chimeric_title": {
        "detection_rate": 1.0,
        "false_positive_rate": 0.0,
        "f1": 1.0,
        "count": 11
      },
      "fabricated_doi": {
        "detection_rate": 1.0,
        "false_positive_rate": 0.0,
        "f1": 1.0,
        "count": 6
      },
      "future_date": {
        "detection_rate": 1.0,
        "false_positive_rate": 0.0,
        "f1": 1.0,
        "count": 18
      },
      "hybrid_fabrication": {
        "detection_rate": 1.0,
        "false_positive_rate": 0.0,
        "f1": 1.0,
        "count": 10
      },
      "merged_citation": {
        "detection_rate": 1.0,
        "false_positive_rate": 0.0,
        "f1": 1.0,
        "count": 8
      },
      "near_miss_title": {
        "detection_rate": 0.5,
        "false_positive_rate": 0.0,
        "f1": 0.6666666666666666,
        "count": 11
      },
      "nonexistent_venue": {
        "detection_rate": 1.0,
        "false_positive_rate": 0.0,
        "f1": 1.0,
        "count": 6
      },
      "partial_author_list": {
        "detection_rate": 0.9,
        "false_positive_rate": 0.0,
        "f1": 0.9473684210526316,
        "count": 12
      },
      "placeholder_authors": {
        "detection_rate": 1.0,
        "false_positive_rate": 0.0,
        "f1": 1.0,
        "count": 11
      },
      "plausible_fabrication": {
        "detection_rate": 1.0,
        "false_positive_rate": 0.0,
        "f1": 1.0,
        "count": 13
      },
      "preprint_as_published": {
        "detection_rate": 1.0,
        "false_positive_rate": 0.0,
        "f1": 1.0,
        "count": 6
      },
      "swapped_authors": {
        "detection_rate": 0.75,
        "false_positive_rate": 0.0,
        "f1": 0.8571428571428571,
        "count": 11
      },
      "valid": {
        "detection_rate": 0.0,
        "false_positive_rate": 0.28695652173913044,
        "f1": 0.0,
        "count": 150
      },
      "wrong_venue": {
        "detection_rate": 0.8888888888888888,
        "false_positive_rate": 0.0,
        "f1": 0.9411764705882353,
        "count": 9
      }
    },
    "coverage": 1.0,
    "coverage_adjusted_f1": 0.8636363636363635,
    "type_accuracy": {
      "overall": 0.49624060150375937,
      "main_types_only": 0.5858585858585859,
      "stress_test_only": 0.23529411764705882,
      "num_evaluated": 133.0,
      "num_correct": 66.0,
      "tier_1": 0.5853658536585366,
      "tier_2": 0.42105263157894735,
      "tier_3": 0.5142857142857142
    },
    "type_confusion": {
      "fabricated_doi": {
        "fabricated_doi": 6,
        "nonexistent_venue": 0,
        "placeholder_authors": 0,
        "future_date": 0,
        "chimeric_title": 0,
        "wrong_venue": 0,
        "swapped_authors": 0,
        "preprint_as_published": 0,
        "hybrid_fabrication": 0,
        "near_miss_title": 0,
        "plausible_fabrication": 0,
        "merged_citation": 0,
        "partial_author_list": 0,
        "arxiv_version_mismatch": 0,
        "VALID": 0,
        "UNCERTAIN": 0,
        "HALLUCINATED_unknown": 0
      },
      "nonexistent_venue": {
        "fabricated_doi": 0,
        "nonexistent_venue": 1,
        "placeholder_authors": 0,
        "future_date": 0,
        "chimeric_title": 0,
        "wrong_venue": 5,
        "swapped_authors": 0,
        "preprint_as_published": 0,
        "hybrid_fabrication": 0,
        "near_miss_title": 0,
        "plausible_fabrication": 0,
        "merged_citation": 0,
        "partial_author_list": 0,
        "arxiv_version_mismatch": 0,
        "VALID": 0,
        "UNCERTAIN": 0,
        "HALLUCINATED_unknown": 0
      },
      "placeholder_authors": {
        "fabricated_doi": 1,
        "nonexistent_venue": 0,
        "placeholder_authors": 0,
        "future_date": 0,
        "chimeric_title": 0,
        "wrong_venue": 0,
        "swapped_authors": 2,
        "preprint_as_published": 0,
        "hybrid_fabrication": 2,
        "near_miss_title": 0,
        "plausible_fabrication": 6,
        "merged_citation": 0,
        "partial_author_list": 0,
        "arxiv_version_mismatch": 0,
        "VALID": 0,
        "UNCERTAIN": 0,
        "HALLUCINATED_unknown": 0
      },
      "future_date": {
        "fabricated_doi": 0,
        "nonexistent_venue": 0,
        "placeholder_authors": 0,
        "future_date": 17,
        "chimeric_title": 0,
        "wrong_venue": 0,
        "swapped_authors": 0,
        "preprint_as_published": 0,
        "hybrid_fabrication": 0,
        "near_miss_title": 1,
        "plausible_fabrication": 0,
        "merged_citation": 0,
        "partial_author_list": 0,
        "arxiv_version_mismatch": 0,
        "VALID": 0,
        "UNCERTAIN": 0,
        "HALLUCINATED_unknown": 0
      },
      "chimeric_title": {
        "fabricated_doi": 0,
        "nonexistent_venue": 0,
        "placeholder_authors": 0,
        "future_date": 0,
        "chimeric_title": 1,
        "wrong_venue": 0,
        "swapped_authors": 0,
        "preprint_as_published": 0,
        "hybrid_fabrication": 1,
        "near_miss_title": 4,
        "plausible_fabrication": 5,
        "merged_citation": 0,
        "partial_author_list": 0,
        "arxiv_version_mismatch": 0,
        "VALID": 0,
        "UNCERTAIN": 0,
        "HALLUCINATED_unknown": 0
      },
      "wrong_venue": {
        "fabricated_doi": 0,
        "nonexistent_venue": 0,
        "placeholder_authors": 0,
        "future_date": 0,
        "chimeric_title": 0,
        "wrong_venue": 8,
        "swapped_authors": 0,
        "preprint_as_published": 0,
        "hybrid_fabrication": 0,
        "near_miss_title": 0,
        "plausible_fabrication": 0,
        "merged_citation": 0,
        "partial_author_list": 0,
        "arxiv_version_mismatch": 0,
        "VALID": 1,
        "UNCERTAIN": 0,
        "HALLUCINATED_unknown": 0
      },
      "swapped_authors": {
        "fabricated_doi": 1,
        "nonexistent_venue": 0,