{
  "key": "llm_openrouter_llama_4_maverick",
  "display": "Llama 4 Maverick",
  "model_id": "meta-llama/llama-4-maverick",
  "provider": "openrouter",
  "n": 452,
  "api_calls": 452,
  "predicted_label_dist": {
    "VALID": 240,
    "HALLUCINATED": 206,
    "UNCERTAIN": 6
  },
  "overall": {
    "tool_name": "llm_openrouter_llama_4_maverick",
    "split_name": "test_crossdomain",
    "num_entries": 452,
    "num_hallucinated": 300,
    "num_valid": 152,
    "detection_rate": 0.6700680272108843,
    "false_positive_rate": 0.05921052631578947,
    "f1_hallucination": 0.7879999999999999,
    "tier_weighted_f1": 0.7852004110996916,
    "mcc": 0.5807592546673378,
    "macro_f1": 0.7587959183673469,
    "union_recall_at_k": {},
    "temporal_robustness": null,
    "cost_efficiency": 0.09799940847485517,
    "mean_api_calls": 1.0,
    "ece": 0.2290358744394619,
    "auroc": 0.8147601145721447,
    "auprc": 0.8825803633724705,
    "num_uncertain": 6,
    "tier3_f1": 0.7328244274809161,
    "detection_rate_ci": null,
    "f1_hallucination_ci": null,
    "tier_weighted_f1_ci": null,
    "fpr_ci": null,
    "ece_ci": null,
    "mcc_ci": null,
    "tier3_f1_ci": null,
    "per_tier_metrics": {
      "1": {
        "detection_rate": 0.75,
        "false_positive_rate": 0.05921052631578947,
        "f1": 0.8053691275167786,
        "precision": 0.8695652173913043,
        "num_hallucinated": 80,
        "num_valid": 152
      },
      "2": {
        "detection_rate": 0.6357142857142857,
        "false_positive_rate": 0.05921052631578947,
        "f1": 0.7478991596638656,
        "precision": 0.9081632653061225,
        "num_hallucinated": 140,
        "num_valid": 152
      },
      "3": {
        "detection_rate": 0.6486486486486487,
        "false_positive_rate": 0.05921052631578947,
        "f1": 0.7328244274809161,
        "precision": 0.8421052631578947,
        "num_hallucinated": 80,
        "num_valid": 152
      }
    },
    "per_type_metrics": {
      "arxiv_version_mismatch": {
        "detection_rate": 1.0,
        "false_positive_rate": 0.0,
        "f1": 1.0,
        "count": 25
      },
      "chimeric_title": {
        "detection_rate": 0.9523809523809523,
        "false_positive_rate": 0.0,
        "f1": 0.975609756097561,
        "count": 21
      },
      "fabricated_doi": {
        "detection_rate": 1.0,
        "false_positive_rate": 0.0,
        "f1": 1.0,
        "count": 18
      },
      "future_date": {
        "detection_rate": 1.0,
        "false_positive_rate": 0.0,
        "f1": 1.0,
        "count": 23
      },
      "hybrid_fabrication": {
        "detection_rate": 0.631578947368421,
        "false_positive_rate": 0.0,
        "f1": 0.7741935483870968,
        "count": 19
      },
      "merged_citation": {
        "detection_rate": 0.8461538461538461,
        "false_positive_rate": 0.0,
        "f1": 0.9166666666666666,
        "count": 26
      },
      "near_miss_title": {
        "detection_rate": 0.1875,
        "false_positive_rate": 0.0,
        "f1": 0.3157894736842105,
        "count": 32
      },
      "nonexistent_venue": {
        "detection_rate": 1.0,
        "false_positive_rate": 0.0,
        "f1": 1.0,
        "count": 17
      },
      "partial_author_list": {
        "detection_rate": 0.0,
        "false_positive_rate": 0.0,
        "f1": 0.0,
        "count": 17
      },
      "placeholder_authors": {
        "detection_rate": 0.09090909090909091,
        "false_positive_rate": 0.0,
        "f1": 0.16666666666666669,
        "count": 22
      },
      "plausible_fabrication": {
        "detection_rate": 1.0,
        "false_positive_rate": 0.0,
        "f1": 1.0,
        "count": 23
      },
      "preprint_as_published": {
        "detection_rate": 1.0,
        "false_positive_rate": 0.0,
        "f1": 1.0,
        "count": 19
      },
      "swapped_authors": {
        "detection_rate": 0.12,
        "false_positive_rate": 0.0,
        "f1": 0.21428571428571425,
        "count": 25
      },
      "valid": {
        "detection_rate": 0.0,
        "false_positive_rate": 0.05921052631578947,
        "f1": 0.0,
        "count": 152
      },
      "wrong_venue": {
        "detection_rate": 1.0,
        "false_positive_rate": 0.0,
        "f1": 1.0,
        "count": 13
      }
    },
    "coverage": 1.0,
    "coverage_adjusted_f1": 0.7879999999999999,
    "type_accuracy": {
      "overall": 0.37662337662337664,
      "main_types_only": 0.5,
      "stress_test_only": 0.0,
      "num_evaluated": 77.0,
      "num_correct": 29.0,
      "tier_1": 0.7142857142857143,
      "tier_2": 0.16216216216216217,
      "tier_3": 0.42105263157894735
    },
    "type_confusion": {
      "fabricated_doi": {
        "fabricated_doi": 7,
        "nonexistent_venue": 0,
        "placeholder_authors": 0,
        "future_date": 0,
        "chimeric_title": 0,
        "wrong_venue": 0,
        "swapped_authors": 0,
        "preprint_as_published": 0,
        "hybrid_fabrication": 0,
        "near_miss_title": 0,
        "plausible_fabrication": 0,
        "merged_citation": 0,
        "partial_author_list": 0,
        "arxiv_version_mismatch": 0,
        "VALID": 0,
        "UNCERTAIN": 0,
        "HALLUCINATED_unknown": 11
      },
      "nonexistent_venue": {
        "fabricated_doi": 0,
        "nonexistent_venue": 2,
        "placeholder_authors": 0,
        "future_date": 0,
        "chimeric_title": 0,
        "wrong_venue": 1,
        "swapped_authors": 0,
        "preprint_as_published": 3,
        "hybrid_fabrication": 0,
        "near_miss_title": 0,
        "plausible_fabrication": 0,
        "merged_citation": 0,
        "partial_author_list": 0,
        "arxiv_version_mismatch": 0,
        "VALID": 0,
        "UNCERTAIN": 0,
        "HALLUCINATED_unknown": 11
      },
      "placeholder_authors": {
        "fabricated_doi": 0,
        "nonexistent_venue": 0,
        "placeholder_authors": 0,
        "future_date": 0,
        "chimeric_title": 0,
        "wrong_venue": 0,
        "swapped_authors": 1,
        "preprint_as_published": 0,
        "hybrid_fabrication": 0,
        "near_miss_title": 1,
        "plausible_fabrication": 0,
        "merged_citation": 0,
        "partial_author_list": 0,
        "arxiv_version_mismatch": 0,
        "VALID": 20,
        "UNCERTAIN": 0,
        "HALLUCINATED_unknown": 0
      },
      "future_date": {
        "fabricated_doi": 0,
        "nonexistent_venue": 0,
        "placeholder_authors": 0,
        "future_date": 6,
        "chimeric_title": 0,
        "wrong_venue": 0,
        "swapped_authors": 0,
        "preprint_as_published": 0,
        "hybrid_fabrication": 0,
        "near_miss_title": 0,
        "plausible_fabrication": 0,
        "merged_citation": 0,
        "partial_author_list": 0,
        "arxiv_version_mismatch": 0,
        "VALID": 0,
        "UNCERTAIN": 0,
        "HALLUCINATED_unknown": 17
      },
      "chimeric_title": {
        "fabricated_doi": 0,
        "nonexistent_venue": 0,
        "placeholder_authors": 0,
        "future_date": 0,
        "chimeric_title": 0,
        "wrong_venue": 0,
        "swapped_authors": 0,
        "preprint_as_published": 0,
        "hybrid_fabrication": 5,
        "near_miss_title": 0,
        "plausible_fabrication": 0,
        "merged_citation": 0,
        "partial_author_list": 0,
        "arxiv_version_mismatch": 0,
        "VALID": 1,
        "UNCERTAIN": 0,
        "HALLUCINATED_unknown": 15
      },
      "wrong_venue": {
        "fabricated_doi": 0,
        "nonexistent_venue": 0,
        "placeholder_authors": 0,
        "future_date": 0,
        "chimeric_title": 0,
        "wrong_venue": 3,
        "swapped_authors": 0,
        "preprint_as_published": 3,
        "hybrid_fabrication": 0,
        "near_miss_title": 0,
        "plausible_fabrication": 0,
        "merged_citation": 0,
        "partial_author_list": 0,
        "arxiv_version_mismatch": 0,
        "VALID": 0,
        "UNCERTAIN": 0,