{
  "key": "llm_openai_gpt54",
  "display": "GPT-5.4",
  "model_id": "gpt-5.4",
  "provider": "openai",
  "n": 452,
  "api_calls": 452,
  "predicted_label_dist": {
    "VALID": 171,
    "HALLUCINATED": 277,
    "UNCERTAIN": 4
  },
  "overall": {
    "tool_name": "llm_openai_gpt54",
    "split_name": "test_crossdomain",
    "num_entries": 452,
    "num_hallucinated": 300,
    "num_valid": 152,
    "detection_rate": 0.8666666666666667,
    "false_positive_rate": 0.11486486486486487,
    "f1_hallucination": 0.9012131715771231,
    "tier_weighted_f1": 0.8972296693476317,
    "mcc": 0.7278751750434203,
    "macro_f1": 0.8612648929985929,
    "union_recall_at_k": {},
    "temporal_robustness": null,
    "cost_efficiency": 0.5037981333966478,
    "mean_api_calls": 1.0,
    "ece": 0.10462053571428571,
    "auroc": 0.9227364864864865,
    "auprc": 0.9601079556173178,
    "num_uncertain": 4,
    "tier3_f1": 0.7564102564102564,
    "detection_rate_ci": null,
    "f1_hallucination_ci": null,
    "tier_weighted_f1_ci": null,
    "fpr_ci": null,
    "ece_ci": null,
    "mcc_ci": null,
    "tier3_f1_ci": null,
    "per_tier_metrics": {
      "1": {
        "detection_rate": 0.9625,
        "false_positive_rate": 0.11486486486486487,
        "f1": 0.8850574712643678,
        "precision": 0.8191489361702128,
        "num_hallucinated": 80,
        "num_valid": 152
      },
      "2": {
        "detection_rate": 0.8857142857142857,
        "false_positive_rate": 0.11486486486486487,
        "f1": 0.8825622775800712,
        "precision": 0.8794326241134752,
        "num_hallucinated": 140,
        "num_valid": 152
      },
      "3": {
        "detection_rate": 0.7375,
        "false_positive_rate": 0.11486486486486487,
        "f1": 0.7564102564102564,
        "precision": 0.7763157894736842,
        "num_hallucinated": 80,
        "num_valid": 152
      }
    },
    "per_type_metrics": {
      "arxiv_version_mismatch": {
        "detection_rate": 1.0,
        "false_positive_rate": 0.0,
        "f1": 1.0,
        "count": 25
      },
      "chimeric_title": {
        "detection_rate": 0.9523809523809523,
        "false_positive_rate": 0.0,
        "f1": 0.975609756097561,
        "count": 21
      },
      "fabricated_doi": {
        "detection_rate": 1.0,
        "false_positive_rate": 0.0,
        "f1": 1.0,
        "count": 18
      },
      "future_date": {
        "detection_rate": 1.0,
        "false_positive_rate": 0.0,
        "f1": 1.0,
        "count": 23
      },
      "hybrid_fabrication": {
        "detection_rate": 1.0,
        "false_positive_rate": 0.0,
        "f1": 1.0,
        "count": 19
      },
      "merged_citation": {
        "detection_rate": 1.0,
        "false_positive_rate": 0.0,
        "f1": 1.0,
        "count": 26
      },
      "near_miss_title": {
        "detection_rate": 0.34375,
        "false_positive_rate": 0.0,
        "f1": 0.5116279069767442,
        "count": 32
      },
      "nonexistent_venue": {
        "detection_rate": 1.0,
        "false_positive_rate": 0.0,
        "f1": 1.0,
        "count": 17
      },
      "partial_author_list": {
        "detection_rate": 0.23529411764705882,
        "false_positive_rate": 0.0,
        "f1": 0.38095238095238093,
        "count": 17
      },
      "placeholder_authors": {
        "detection_rate": 0.8636363636363636,
        "false_positive_rate": 0.0,
        "f1": 0.9268292682926829,
        "count": 22
      },
      "plausible_fabrication": {
        "detection_rate": 1.0,
        "false_positive_rate": 0.0,
        "f1": 1.0,
        "count": 23
      },
      "preprint_as_published": {
        "detection_rate": 1.0,
        "false_positive_rate": 0.0,
        "f1": 1.0,
        "count": 19
      },
      "swapped_authors": {
        "detection_rate": 0.92,
        "false_positive_rate": 0.0,
        "f1": 0.9583333333333334,
        "count": 25
      },
      "valid": {
        "detection_rate": 0.0,
        "false_positive_rate": 0.11486486486486487,
        "f1": 0.0,
        "count": 152
      },
      "wrong_venue": {
        "detection_rate": 1.0,
        "false_positive_rate": 0.0,
        "f1": 1.0,
        "count": 13
      }
    },
    "coverage": 1.0,
    "coverage_adjusted_f1": 0.9012131715771231,
    "type_accuracy": {
      "overall": 0.36153846153846153,
      "main_types_only": 0.45365853658536587,
      "stress_test_only": 0.01818181818181818,
      "num_evaluated": 260.0,
      "num_correct": 94.0,
      "tier_1": 0.5324675324675324,
      "tier_2": 0.22580645161290322,
      "tier_3": 0.423728813559322
    },
    "type_confusion": {
      "fabricated_doi": {
        "fabricated_doi": 18,
        "nonexistent_venue": 0,
        "placeholder_authors": 0,
        "future_date": 0,
        "chimeric_title": 0,
        "wrong_venue": 0,
        "swapped_authors": 0,
        "preprint_as_published": 0,
        "hybrid_fabrication": 0,
        "near_miss_title": 0,
        "plausible_fabrication": 0,
        "merged_citation": 0,
        "partial_author_list": 0,
        "arxiv_version_mismatch": 0,
        "VALID": 0,
        "UNCERTAIN": 0,
        "HALLUCINATED_unknown": 0
      },
      "nonexistent_venue": {
        "fabricated_doi": 0,
        "nonexistent_venue": 0,
        "placeholder_authors": 0,
        "future_date": 0,
        "chimeric_title": 0,
        "wrong_venue": 4,
        "swapped_authors": 0,
        "preprint_as_published": 1,
        "hybrid_fabrication": 12,
        "near_miss_title": 0,
        "plausible_fabrication": 0,
        "merged_citation": 0,
        "partial_author_list": 0,
        "arxiv_version_mismatch": 0,
        "VALID": 0,
        "UNCERTAIN": 0,
        "HALLUCINATED_unknown": 0
      },
      "placeholder_authors": {
        "fabricated_doi": 0,
        "nonexistent_venue": 0,
        "placeholder_authors": 0,
        "future_date": 0,
        "chimeric_title": 0,
        "wrong_venue": 0,
        "swapped_authors": 0,
        "preprint_as_published": 0,
        "hybrid_fabrication": 19,
        "near_miss_title": 0,
        "plausible_fabrication": 0,
        "merged_citation": 0,
        "partial_author_list": 0,
        "arxiv_version_mismatch": 0,
        "VALID": 3,
        "UNCERTAIN": 0,
        "HALLUCINATED_unknown": 0
      },
      "future_date": {
        "fabricated_doi": 0,
        "nonexistent_venue": 0,
        "placeholder_authors": 0,
        "future_date": 23,
        "chimeric_title": 0,
        "wrong_venue": 0,
        "swapped_authors": 0,
        "preprint_as_published": 0,
        "hybrid_fabrication": 0,
        "near_miss_title": 0,
        "plausible_fabrication": 0,
        "merged_citation": 0,
        "partial_author_list": 0,
        "arxiv_version_mismatch": 0,
        "VALID": 0,
        "UNCERTAIN": 0,
        "HALLUCINATED_unknown": 0
      },
      "chimeric_title": {
        "fabricated_doi": 0,
        "nonexistent_venue": 0,
        "placeholder_authors": 0,
        "future_date": 0,
        "chimeric_title": 0,
        "wrong_venue": 0,
        "swapped_authors": 0,
        "preprint_as_published": 0,
        "hybrid_fabrication": 20,
        "near_miss_title": 0,
        "plausible_fabrication": 0,
        "merged_citation": 0,
        "partial_author_list": 0,
        "arxiv_version_mismatch": 0,
        "VALID": 1,
        "UNCERTAIN": 0,
        "HALLUCINATED_unknown": 0
      },
      "wrong_venue": {
        "fabricated_doi": 0,
        "nonexistent_venue": 0,
        "placeholder_authors": 0,
        "future_date": 0,
        "chimeric_title": 0,
        "wrong_venue": 6,
        "swapped_authors": 0,
        "preprint_as_published": 4,
        "hybrid_fabrication": 3,
        "near_miss_title": 0,
        "plausible_fabrication": 0,
        "merged_citation": 0,
        "partial_author_list": 0,
        "arxiv_version_mismatch": 0,
        "VALID": 0,
        "UNCERTAIN": 0,
        "HALLUCINATED_unknown": 0
      },