{
  "key": "llm_openrouter_gemini_flash",
  "display": "Gemini 2.5 Flash",
  "model_id": "google/gemini-2.5-flash",
  "provider": "openrouter",
  "n": 452,
  "api_calls": 452,
  "predicted_label_dist": {
    "VALID": 288,
    "HALLUCINATED": 164
  },
  "overall": {
    "tool_name": "llm_openrouter_gemini_flash",
    "split_name": "test_crossdomain",
    "num_entries": 452,
    "num_hallucinated": 300,
    "num_valid": 152,
    "detection_rate": 0.54,
    "false_positive_rate": 0.013157894736842105,
    "f1_hallucination": 0.6982758620689655,
    "tier_weighted_f1": 0.7011866235167206,
    "mcc": 0.5176601453674409,
    "macro_f1": 0.6900470219435737,
    "union_recall_at_k": {},
    "temporal_robustness": null,
    "cost_efficiency": 0.8272998981748774,
    "mean_api_calls": 1.0,
    "ece": 0.32588495575221244,
    "auroc": 0.7605701754385965,
    "auprc": 0.8375122910521141,
    "num_uncertain": 0,
    "tier3_f1": 0.7384615384615384,
    "detection_rate_ci": null,
    "f1_hallucination_ci": null,
    "tier_weighted_f1_ci": null,
    "fpr_ci": null,
    "ece_ci": null,
    "mcc_ci": null,
    "tier3_f1_ci": null,
    "per_tier_metrics": {
      "1": {
        "detection_rate": 0.5875,
        "false_positive_rate": 0.013157894736842105,
        "f1": 0.7286821705426357,
        "precision": 0.9591836734693877,
        "num_hallucinated": 80,
        "num_valid": 152
      },
      "2": {
        "detection_rate": 0.4785714285714286,
        "false_positive_rate": 0.013157894736842105,
        "f1": 0.6411483253588517,
        "precision": 0.9710144927536232,
        "num_hallucinated": 140,
        "num_valid": 152
      },
      "3": {
        "detection_rate": 0.6,
        "false_positive_rate": 0.013157894736842105,
        "f1": 0.7384615384615384,
        "precision": 0.96,
        "num_hallucinated": 80,
        "num_valid": 152
      }
    },
    "per_type_metrics": {
      "arxiv_version_mismatch": {
        "detection_rate": 1.0,
        "false_positive_rate": 0.0,
        "f1": 1.0,
        "count": 25
      },
      "chimeric_title": {
        "detection_rate": 0.2857142857142857,
        "false_positive_rate": 0.0,
        "f1": 0.4444444444444445,
        "count": 21
      },
      "fabricated_doi": {
        "detection_rate": 0.4444444444444444,
        "false_positive_rate": 0.0,
        "f1": 0.6153846153846153,
        "count": 18
      },
      "future_date": {
        "detection_rate": 1.0,
        "false_positive_rate": 0.0,
        "f1": 1.0,
        "count": 23
      },
      "hybrid_fabrication": {
        "detection_rate": 0.3684210526315789,
        "false_positive_rate": 0.0,
        "f1": 0.5384615384615384,
        "count": 19
      },
      "merged_citation": {
        "detection_rate": 0.6923076923076923,
        "false_positive_rate": 0.0,
        "f1": 0.8181818181818181,
        "count": 26
      },
      "near_miss_title": {
        "detection_rate": 0.0625,
        "false_positive_rate": 0.0,
        "f1": 0.11764705882352941,
        "count": 32
      },
      "nonexistent_venue": {
        "detection_rate": 0.9411764705882353,
        "false_positive_rate": 0.0,
        "f1": 0.9696969696969697,
        "count": 17
      },
      "partial_author_list": {
        "detection_rate": 0.0,
        "false_positive_rate": 0.0,
        "f1": 0.0,
        "count": 17
      },
      "placeholder_authors": {
        "detection_rate": 0.0,
        "false_positive_rate": 0.0,
        "f1": 0.0,
        "count": 22
      },
      "plausible_fabrication": {
        "detection_rate": 0.9130434782608695,
        "false_positive_rate": 0.0,
        "f1": 0.9545454545454545,
        "count": 23
      },
      "preprint_as_published": {
        "detection_rate": 0.9473684210526315,
        "false_positive_rate": 0.0,
        "f1": 0.972972972972973,
        "count": 19
      },
      "swapped_authors": {
        "detection_rate": 0.2,
        "false_positive_rate": 0.0,
        "f1": 0.33333333333333337,
        "count": 25
      },
      "valid": {
        "detection_rate": 0.0,
        "false_positive_rate": 0.013157894736842105,
        "f1": 0.0,
        "count": 152
      },
      "wrong_venue": {
        "detection_rate": 1.0,
        "false_positive_rate": 0.0,
        "f1": 1.0,
        "count": 13
      }
    },
    "coverage": 1.0,
    "coverage_adjusted_f1": 0.6982758620689655,
    "type_accuracy": {
      "overall": 0.43125,
      "main_types_only": 0.5847457627118644,
      "stress_test_only": 0.0,
      "num_evaluated": 160.0,
      "num_correct": 69.0,
      "tier_1": 0.7872340425531915,
      "tier_2": 0.18461538461538463,
      "tier_3": 0.4166666666666667
    },
    "type_confusion": {
      "fabricated_doi": {
        "fabricated_doi": 8,
        "nonexistent_venue": 0,
        "placeholder_authors": 0,
        "future_date": 0,
        "chimeric_title": 0,
        "wrong_venue": 0,
        "swapped_authors": 0,
        "preprint_as_published": 0,
        "hybrid_fabrication": 0,
        "near_miss_title": 0,
        "plausible_fabrication": 0,
        "merged_citation": 0,
        "partial_author_list": 0,
        "arxiv_version_mismatch": 0,
        "VALID": 10,
        "UNCERTAIN": 0,
        "HALLUCINATED_unknown": 0
      },
      "nonexistent_venue": {
        "fabricated_doi": 0,
        "nonexistent_venue": 6,
        "placeholder_authors": 0,
        "future_date": 0,
        "chimeric_title": 0,
        "wrong_venue": 2,
        "swapped_authors": 0,
        "preprint_as_published": 3,
        "hybrid_fabrication": 5,
        "near_miss_title": 0,
        "plausible_fabrication": 0,
        "merged_citation": 0,
        "partial_author_list": 0,
        "arxiv_version_mismatch": 0,
        "VALID": 1,
        "UNCERTAIN": 0,
        "HALLUCINATED_unknown": 0
      },
      "placeholder_authors": {
        "fabricated_doi": 0,
        "nonexistent_venue": 0,
        "placeholder_authors": 0,
        "future_date": 0,
        "chimeric_title": 0,
        "wrong_venue": 0,
        "swapped_authors": 0,
        "preprint_as_published": 0,
        "hybrid_fabrication": 0,
        "near_miss_title": 0,
        "plausible_fabrication": 0,
        "merged_citation": 0,
        "partial_author_list": 0,
        "arxiv_version_mismatch": 0,
        "VALID": 22,
        "UNCERTAIN": 0,
        "HALLUCINATED_unknown": 0
      },
      "future_date": {
        "fabricated_doi": 0,
        "nonexistent_venue": 0,
        "placeholder_authors": 0,
        "future_date": 23,
        "chimeric_title": 0,
        "wrong_venue": 0,
        "swapped_authors": 0,
        "preprint_as_published": 0,
        "hybrid_fabrication": 0,
        "near_miss_title": 0,
        "plausible_fabrication": 0,
        "merged_citation": 0,
        "partial_author_list": 0,
        "arxiv_version_mismatch": 0,
        "VALID": 0,
        "UNCERTAIN": 0,
        "HALLUCINATED_unknown": 0
      },
      "chimeric_title": {
        "fabricated_doi": 0,
        "nonexistent_venue": 0,
        "placeholder_authors": 0,
        "future_date": 0,
        "chimeric_title": 0,
        "wrong_venue": 0,
        "swapped_authors": 0,
        "preprint_as_published": 0,
        "hybrid_fabrication": 6,
        "near_miss_title": 0,
        "plausible_fabrication": 0,
        "merged_citation": 0,
        "partial_author_list": 0,
        "arxiv_version_mismatch": 0,
        "VALID": 15,
        "UNCERTAIN": 0,
        "HALLUCINATED_unknown": 0
      },
      "wrong_venue": {
        "fabricated_doi": 0,
        "nonexistent_venue": 0,
        "placeholder_authors": 0,
        "future_date": 0,
        "chimeric_title": 0,
        "wrong_venue": 1,
        "swapped_authors": 0,
        "preprint_as_published": 8,
        "hybrid_fabrication": 4,
        "near_miss_title": 0,
        "plausible_fabrication": 0,
        "merged_citation": 0,
        "partial_author_list": 0,
        "arxiv_version_mismatch": 0,
        "VALID": 0,
        "UNCERTAIN": 0,