{
  "key": "llm_openrouter_gemini_pro",
  "display": "Gemini 2.5 Pro",
  "model_id": "google/gemini-2.5-pro",
  "provider": "openrouter",
  "n": 452,
  "api_calls": 452,
  "predicted_label_dist": {
    "VALID": 234,
    "HALLUCINATED": 216,
    "UNCERTAIN": 2
  },
  "overall": {
    "tool_name": "llm_openrouter_gemini_pro",
    "split_name": "test_crossdomain",
    "num_entries": 452,
    "num_hallucinated": 300,
    "num_valid": 152,
    "detection_rate": 0.714765100671141,
    "false_positive_rate": 0.019736842105263157,
    "f1_hallucination": 0.8287937743190661,
    "tier_weighted_f1": 0.8123138033763654,
    "mcc": 0.6579571099145292,
    "macro_f1": 0.8004072498538336,
    "union_recall_at_k": {},
    "temporal_robustness": null,
    "cost_efficiency": 0.10977197702512924,
    "mean_api_calls": 1.0,
    "ece": null,
    "auroc": 0.8475141292829389,
    "auprc": 0.8937266964951529,
    "num_uncertain": 2,
    "tier3_f1": 0.7669172932330827,
    "detection_rate_ci": null,
    "f1_hallucination_ci": null,
    "tier_weighted_f1_ci": null,
    "fpr_ci": null,
    "ece_ci": null,
    "mcc_ci": null,
    "tier3_f1_ci": null,
    "per_tier_metrics": {
      "1": {
        "detection_rate": 0.85,
        "false_positive_rate": 0.019736842105263157,
        "f1": 0.9006622516556291,
        "precision": 0.9577464788732394,
        "num_hallucinated": 80,
        "num_valid": 152
      },
      "2": {
        "detection_rate": 0.6762589928057554,
        "false_positive_rate": 0.019736842105263157,
        "f1": 0.7966101694915255,
        "precision": 0.9690721649484536,
        "num_hallucinated": 140,
        "num_valid": 152
      },
      "3": {
        "detection_rate": 0.6455696202531646,
        "false_positive_rate": 0.019736842105263157,
        "f1": 0.7669172932330827,
        "precision": 0.9444444444444444,
        "num_hallucinated": 80,
        "num_valid": 152
      }
    },
    "per_type_metrics": {
      "arxiv_version_mismatch": {
        "detection_rate": 1.0,
        "false_positive_rate": 0.0,
        "f1": 1.0,
        "count": 25
      },
      "chimeric_title": {
        "detection_rate": 0.9047619047619048,
        "false_positive_rate": 0.0,
        "f1": 0.9500000000000001,
        "count": 21
      },
      "fabricated_doi": {
        "detection_rate": 0.8888888888888888,
        "false_positive_rate": 0.0,
        "f1": 0.9411764705882353,
        "count": 18
      },
      "future_date": {
        "detection_rate": 1.0,
        "false_positive_rate": 0.0,
        "f1": 1.0,
        "count": 23
      },
      "hybrid_fabrication": {
        "detection_rate": 0.7368421052631579,
        "false_positive_rate": 0.0,
        "f1": 0.8484848484848484,
        "count": 19
      },
      "merged_citation": {
        "detection_rate": 0.64,
        "false_positive_rate": 0.0,
        "f1": 0.7804878048780487,
        "count": 26
      },
      "near_miss_title": {
        "detection_rate": 0.125,
        "false_positive_rate": 0.0,
        "f1": 0.2222222222222222,
        "count": 32
      },
      "nonexistent_venue": {
        "detection_rate": 1.0,
        "false_positive_rate": 0.0,
        "f1": 1.0,
        "count": 17
      },
      "partial_author_list": {
        "detection_rate": 0.17647058823529413,
        "false_positive_rate": 0.0,
        "f1": 0.3,
        "count": 17
      },
      "placeholder_authors": {
        "detection_rate": 0.5454545454545454,
        "false_positive_rate": 0.0,
        "f1": 0.7058823529411764,
        "count": 22
      },
      "plausible_fabrication": {
        "detection_rate": 1.0,
        "false_positive_rate": 0.0,
        "f1": 1.0,
        "count": 23
      },
      "preprint_as_published": {
        "detection_rate": 1.0,
        "false_positive_rate": 0.0,
        "f1": 1.0,
        "count": 19
      },
      "swapped_authors": {
        "detection_rate": 0.4,
        "false_positive_rate": 0.0,
        "f1": 0.5714285714285715,
        "count": 25
      },
      "valid": {
        "detection_rate": 0.0,
        "false_positive_rate": 0.019736842105263157,
        "f1": 0.0,
        "count": 152
      },
      "wrong_venue": {
        "detection_rate": 1.0,
        "false_positive_rate": 0.0,
        "f1": 1.0,
        "count": 13
      }
    },
    "coverage": 1.0,
    "coverage_adjusted_f1": 0.8287937743190661,
    "type_accuracy": {
      "overall": 0.35,
      "main_types_only": 0.3333333333333333,
      "stress_test_only": 0.5,
      "num_evaluated": 20.0,
      "num_correct": 7.0,
      "tier_1": 0.3333333333333333,
      "tier_2": 0.3333333333333333,
      "tier_3": 0.5
    },
    "type_confusion": {
      "fabricated_doi": {
        "fabricated_doi": 0,
        "nonexistent_venue": 0,
        "placeholder_authors": 0,
        "future_date": 0,
        "chimeric_title": 0,
        "wrong_venue": 0,
        "swapped_authors": 0,
        "preprint_as_published": 0,
        "hybrid_fabrication": 0,
        "near_miss_title": 0,
        "plausible_fabrication": 0,
        "merged_citation": 0,
        "partial_author_list": 0,
        "arxiv_version_mismatch": 0,
        "VALID": 2,
        "UNCERTAIN": 0,
        "HALLUCINATED_unknown": 16
      },
      "nonexistent_venue": {
        "fabricated_doi": 0,
        "nonexistent_venue": 0,
        "placeholder_authors": 0,
        "future_date": 0,
        "chimeric_title": 0,
        "wrong_venue": 0,
        "swapped_authors": 0,
        "preprint_as_published": 0,
        "hybrid_fabrication": 0,
        "near_miss_title": 0,
        "plausible_fabrication": 0,
        "merged_citation": 0,
        "partial_author_list": 0,
        "arxiv_version_mismatch": 0,
        "VALID": 0,
        "UNCERTAIN": 0,
        "HALLUCINATED_unknown": 17
      },
      "placeholder_authors": {
        "fabricated_doi": 0,
        "nonexistent_venue": 0,
        "placeholder_authors": 0,
        "future_date": 0,
        "chimeric_title": 0,
        "wrong_venue": 0,
        "swapped_authors": 0,
        "preprint_as_published": 0,
        "hybrid_fabrication": 0,
        "near_miss_title": 0,
        "plausible_fabrication": 0,
        "merged_citation": 0,
        "partial_author_list": 6,
        "arxiv_version_mismatch": 0,
        "VALID": 10,
        "UNCERTAIN": 0,
        "HALLUCINATED_unknown": 6
      },
      "future_date": {
        "fabricated_doi": 0,
        "nonexistent_venue": 0,
        "placeholder_authors": 0,
        "future_date": 3,
        "chimeric_title": 0,
        "wrong_venue": 0,
        "swapped_authors": 0,
        "preprint_as_published": 0,
        "hybrid_fabrication": 0,
        "near_miss_title": 0,
        "plausible_fabrication": 0,
        "merged_citation": 0,
        "partial_author_list": 0,
        "arxiv_version_mismatch": 0,
        "VALID": 0,
        "UNCERTAIN": 0,
        "HALLUCINATED_unknown": 20
      },
      "chimeric_title": {
        "fabricated_doi": 0,
        "nonexistent_venue": 0,
        "placeholder_authors": 0,
        "future_date": 0,
        "chimeric_title": 0,
        "wrong_venue": 0,
        "swapped_authors": 0,
        "preprint_as_published": 0,
        "hybrid_fabrication": 4,
        "near_miss_title": 0,
        "plausible_fabrication": 0,
        "merged_citation": 0,
        "partial_author_list": 0,
        "arxiv_version_mismatch": 0,
        "VALID": 2,
        "UNCERTAIN": 0,
        "HALLUCINATED_unknown": 15
      },
      "wrong_venue": {
        "fabricated_doi": 0,
        "nonexistent_venue": 0,
        "placeholder_authors": 0,
        "future_date": 0,
        "chimeric_title": 0,
        "wrong_venue": 2,
        "swapped_authors": 0,
        "preprint_as_published": 0,
        "hybrid_fabrication": 0,
        "near_miss_title": 0,
        "plausible_fabrication": 0,
        "merged_citation": 0,
        "partial_author_list": 0,
        "arxiv_version_mismatch": 0,
        "VALID": 0,
        "UNCERTAIN": 0,