{
  "key": "llm_openrouter_claude_sonnet_4_6",
  "display": "Claude Sonnet 4.6",
  "model_id": "anthropic/claude-sonnet-4.6",
  "provider": "openrouter",
  "n": 452,
  "api_calls": 452,
  "predicted_label_dist": {
    "VALID": 170,
    "HALLUCINATED": 260,
    "UNCERTAIN": 22
  },
  "overall": {
    "tool_name": "llm_openrouter_claude_sonnet_4_6",
    "split_name": "test_crossdomain",
    "num_entries": 452,
    "num_hallucinated": 300,
    "num_valid": 152,
    "detection_rate": 0.8596491228070176,
    "false_positive_rate": 0.10344827586206896,
    "f1_hallucination": 0.8990825688073394,
    "tier_weighted_f1": 0.8861480075901328,
    "mcc": 0.7311937253286209,
    "macro_f1": 0.8622396971020825,
    "union_recall_at_k": {},
    "temporal_robustness": null,
    "cost_efficiency": 0.09466375187488983,
    "mean_api_calls": 1.0,
    "ece": 0.058046511627906944,
    "auroc": 0.9319782214156079,
    "auprc": 0.9652682232460371,
    "num_uncertain": 22,
    "tier3_f1": 0.7260273972602739,
    "detection_rate_ci": null,
    "f1_hallucination_ci": null,
    "tier_weighted_f1_ci": null,
    "fpr_ci": null,
    "ece_ci": null,
    "mcc_ci": null,
    "tier3_f1_ci": null,
    "per_tier_metrics": {
      "1": {
        "detection_rate": 1.0,
        "false_positive_rate": 0.10344827586206896,
        "f1": 0.9101796407185628,
        "precision": 0.8351648351648352,
        "num_hallucinated": 80,
        "num_valid": 152
      },
      "2": {
        "detection_rate": 0.8854961832061069,
        "false_positive_rate": 0.10344827586206896,
        "f1": 0.8854961832061069,
        "precision": 0.8854961832061069,
        "num_hallucinated": 140,
        "num_valid": 152
      },
      "3": {
        "detection_rate": 0.6794871794871795,
        "false_positive_rate": 0.10344827586206896,
        "f1": 0.7260273972602739,
        "precision": 0.7794117647058824,
        "num_hallucinated": 80,
        "num_valid": 152
      }
    },
    "per_type_metrics": {
      "arxiv_version_mismatch": {
        "detection_rate": 1.0,
        "false_positive_rate": 0.0,
        "f1": 1.0,
        "count": 25
      },
      "chimeric_title": {
        "detection_rate": 1.0,
        "false_positive_rate": 0.0,
        "f1": 1.0,
        "count": 21
      },
      "fabricated_doi": {
        "detection_rate": 1.0,
        "false_positive_rate": 0.0,
        "f1": 1.0,
        "count": 18
      },
      "future_date": {
        "detection_rate": 1.0,
        "false_positive_rate": 0.0,
        "f1": 1.0,
        "count": 23
      },
      "hybrid_fabrication": {
        "detection_rate": 1.0,
        "false_positive_rate": 0.0,
        "f1": 1.0,
        "count": 19
      },
      "merged_citation": {
        "detection_rate": 0.92,
        "false_positive_rate": 0.0,
        "f1": 0.9583333333333334,
        "count": 26
      },
      "near_miss_title": {
        "detection_rate": 0.1935483870967742,
        "false_positive_rate": 0.0,
        "f1": 0.3243243243243243,
        "count": 32
      },
      "nonexistent_venue": {
        "detection_rate": 1.0,
        "false_positive_rate": 0.0,
        "f1": 1.0,
        "count": 17
      },
      "partial_author_list": {
        "detection_rate": 0.21428571428571427,
        "false_positive_rate": 0.0,
        "f1": 0.35294117647058826,
        "count": 17
      },
      "placeholder_authors": {
        "detection_rate": 1.0,
        "false_positive_rate": 0.0,
        "f1": 1.0,
        "count": 22
      },
      "plausible_fabrication": {
        "detection_rate": 1.0,
        "false_positive_rate": 0.0,
        "f1": 1.0,
        "count": 23
      },
      "preprint_as_published": {
        "detection_rate": 1.0,
        "false_positive_rate": 0.0,
        "f1": 1.0,
        "count": 19
      },
      "swapped_authors": {
        "detection_rate": 0.9130434782608695,
        "false_positive_rate": 0.0,
        "f1": 0.9545454545454545,
        "count": 25
      },
      "valid": {
        "detection_rate": 0.0,
        "false_positive_rate": 0.10344827586206896,
        "f1": 0.0,
        "count": 152
      },
      "wrong_venue": {
        "detection_rate": 1.0,
        "false_positive_rate": 0.0,
        "f1": 1.0,
        "count": 13
      }
    },
    "coverage": 1.0,
    "coverage_adjusted_f1": 0.8990825688073394,
    "type_accuracy": {
      "overall": NaN,
      "main_types_only": NaN,
      "stress_test_only": NaN,
      "num_evaluated": 0.0,
      "num_correct": 0.0,
      "tier_1": NaN,
      "tier_2": NaN,
      "tier_3": NaN
    },
    "type_confusion": {
      "fabricated_doi": {
        "fabricated_doi": 0,
        "nonexistent_venue": 0,
        "placeholder_authors": 0,
        "future_date": 0,
        "chimeric_title": 0,
        "wrong_venue": 0,
        "swapped_authors": 0,
        "preprint_as_published": 0,
        "hybrid_fabrication": 0,
        "near_miss_title": 0,
        "plausible_fabrication": 0,
        "merged_citation": 0,
        "partial_author_list": 0,
        "arxiv_version_mismatch": 0,
        "VALID": 0,
        "UNCERTAIN": 1,
        "HALLUCINATED_unknown": 17
      },
      "nonexistent_venue": {
        "fabricated_doi": 0,
        "nonexistent_venue": 0,
        "placeholder_authors": 0,
        "future_date": 0,
        "chimeric_title": 0,
        "wrong_venue": 0,
        "swapped_authors": 0,
        "preprint_as_published": 0,
        "hybrid_fabrication": 0,
        "near_miss_title": 0,
        "plausible_fabrication": 0,
        "merged_citation": 0,
        "partial_author_list": 0,
        "arxiv_version_mismatch": 0,
        "VALID": 0,
        "UNCERTAIN": 1,
        "HALLUCINATED_unknown": 16
      },
      "placeholder_authors": {
        "fabricated_doi": 0,
        "nonexistent_venue": 0,
        "placeholder_authors": 0,
        "future_date": 0,
        "chimeric_title": 0,
        "wrong_venue": 0,
        "swapped_authors": 0,
        "preprint_as_published": 0,
        "hybrid_fabrication": 0,
        "near_miss_title": 0,
        "plausible_fabrication": 0,
        "merged_citation": 0,
        "partial_author_list": 0,
        "arxiv_version_mismatch": 0,
        "VALID": 0,
        "UNCERTAIN": 0,
        "HALLUCINATED_unknown": 22
      },
      "future_date": {
        "fabricated_doi": 0,
        "nonexistent_venue": 0,
        "placeholder_authors": 0,
        "future_date": 0,
        "chimeric_title": 0,
        "wrong_venue": 0,
        "swapped_authors": 0,
        "preprint_as_published": 0,
        "hybrid_fabrication": 0,
        "near_miss_title": 0,
        "plausible_fabrication": 0,
        "merged_citation": 0,
        "partial_author_list": 0,
        "arxiv_version_mismatch": 0,
        "VALID": 0,
        "UNCERTAIN": 2,
        "HALLUCINATED_unknown": 21
      },
      "chimeric_title": {
        "fabricated_doi": 0,
        "nonexistent_venue": 0,
        "placeholder_authors": 0,
        "future_date": 0,
        "chimeric_title": 0,
        "wrong_venue": 0,
        "swapped_authors": 0,
        "preprint_as_published": 0,
        "hybrid_fabrication": 0,
        "near_miss_title": 0,
        "plausible_fabrication": 0,
        "merged_citation": 0,
        "partial_author_list": 0,
        "arxiv_version_mismatch": 0,
        "VALID": 0,
        "UNCERTAIN": 0,
        "HALLUCINATED_unknown": 21
      },
      "wrong_venue": {
        "fabricated_doi": 0,
        "nonexistent_venue": 0,
        "placeholder_authors": 0,
        "future_date": 0,
        "chimeric_title": 0,
        "wrong_venue": 0,
        "swapped_authors": 0,
        "preprint_as_published": 0,
        "hybrid_fabrication": 0,
        "near_miss_title": 0,
        "plausible_fabrication": 0,
        "merged_citation": 0,
        "partial_author_list": 0,
        "arxiv_version_mismatch": 0,
        "VALID": 0,
        "UNCERTAIN": 0,
        "HALLUCINATED_unknown": 13
      },
      "swapped_authors": {
        "fabricated_doi": 0,