{
  "key": "llm_openrouter_qwen",
  "display": "Qwen3-235B",
  "model_id": "qwen/qwen3-235b-a22b-2507",
  "provider": "openrouter",
  "n": 452,
  "api_calls": 452,
  "predicted_label_dist": {
    "HALLUCINATED": 446,
    "VALID": 6
  },
  "overall": {
    "tool_name": "llm_openrouter_qwen",
    "split_name": "test_crossdomain",
    "num_entries": 452,
    "num_hallucinated": 300,
    "num_valid": 152,
    "detection_rate": 0.9933333333333333,
    "false_positive_rate": 0.9736842105263158,
    "f1_hallucination": 0.7989276139410187,
    "tier_weighted_f1": 0.8869047619047618,
    "mcc": 0.0811115188394862,
    "macro_f1": 0.4247802626667119,
    "union_recall_at_k": {},
    "temporal_robustness": null,
    "cost_efficiency": 0.20168166799712497,
    "mean_api_calls": 1.0,
    "ece": 0.3037389380530974,
    "auroc": 0.5244078947368421,
    "auprc": 0.6759603763915774,
    "num_uncertain": 0,
    "tier3_f1": 0.5146579804560261,
    "detection_rate_ci": null,
    "f1_hallucination_ci": null,
    "tier_weighted_f1_ci": null,
    "fpr_ci": null,
    "ece_ci": null,
    "mcc_ci": null,
    "tier3_f1_ci": null,
    "per_tier_metrics": {
      "1": {
        "detection_rate": 0.9875,
        "false_positive_rate": 0.9736842105263158,
        "f1": 0.5146579804560261,
        "precision": 0.34801762114537443,
        "num_hallucinated": 80,
        "num_valid": 152
      },
      "2": {
        "detection_rate": 1.0,
        "false_positive_rate": 0.9736842105263158,
        "f1": 0.6542056074766355,
        "precision": 0.4861111111111111,
        "num_hallucinated": 140,
        "num_valid": 152
      },
      "3": {
        "detection_rate": 0.9875,
        "false_positive_rate": 0.9736842105263158,
        "f1": 0.5146579804560261,
        "precision": 0.34801762114537443,
        "num_hallucinated": 80,
        "num_valid": 152
      }
    },
    "per_type_metrics": {
      "arxiv_version_mismatch": {
        "detection_rate": 1.0,
        "false_positive_rate": 0.0,
        "f1": 1.0,
        "count": 25
      },
      "chimeric_title": {
        "detection_rate": 1.0,
        "false_positive_rate": 0.0,
        "f1": 1.0,
        "count": 21
      },
      "fabricated_doi": {
        "detection_rate": 1.0,
        "false_positive_rate": 0.0,
        "f1": 1.0,
        "count": 18
      },
      "future_date": {
        "detection_rate": 1.0,
        "false_positive_rate": 0.0,
        "f1": 1.0,
        "count": 23
      },
      "hybrid_fabrication": {
        "detection_rate": 1.0,
        "false_positive_rate": 0.0,
        "f1": 1.0,
        "count": 19
      },
      "merged_citation": {
        "detection_rate": 1.0,
        "false_positive_rate": 0.0,
        "f1": 1.0,
        "count": 26
      },
      "near_miss_title": {
        "detection_rate": 0.96875,
        "false_positive_rate": 0.0,
        "f1": 0.9841269841269841,
        "count": 32
      },
      "nonexistent_venue": {
        "detection_rate": 1.0,
        "false_positive_rate": 0.0,
        "f1": 1.0,
        "count": 17
      },
      "partial_author_list": {
        "detection_rate": 1.0,
        "false_positive_rate": 0.0,
        "f1": 1.0,
        "count": 17
      },
      "placeholder_authors": {
        "detection_rate": 0.9545454545454546,
        "false_positive_rate": 0.0,
        "f1": 0.9767441860465117,
        "count": 22
      },
      "plausible_fabrication": {
        "detection_rate": 1.0,
        "false_positive_rate": 0.0,
        "f1": 1.0,
        "count": 23
      },
      "preprint_as_published": {
        "detection_rate": 1.0,
        "false_positive_rate": 0.0,
        "f1": 1.0,
        "count": 19
      },
      "swapped_authors": {
        "detection_rate": 1.0,
        "false_positive_rate": 0.0,
        "f1": 1.0,
        "count": 25
      },
      "valid": {
        "detection_rate": 0.0,
        "false_positive_rate": 0.9736842105263158,
        "f1": 0.0,
        "count": 152
      },
      "wrong_venue": {
        "detection_rate": 1.0,
        "false_positive_rate": 0.0,
        "f1": 1.0,
        "count": 13
      }
    },
    "coverage": 1.0,
    "coverage_adjusted_f1": 0.7989276139410187,
    "type_accuracy": {
      "overall": 0.2651006711409396,
      "main_types_only": 0.34347826086956523,
      "stress_test_only": 0.0,
      "num_evaluated": 298.0,
      "num_correct": 79.0,
      "tier_1": 0.5316455696202531,
      "tier_2": 0.10714285714285714,
      "tier_3": 0.27848101265822783
    },
    "type_confusion": {
      "fabricated_doi": {
        "fabricated_doi": 15,
        "nonexistent_venue": 0,
        "placeholder_authors": 0,
        "future_date": 0,
        "chimeric_title": 0,
        "wrong_venue": 0,
        "swapped_authors": 0,
        "preprint_as_published": 3,
        "hybrid_fabrication": 0,
        "near_miss_title": 0,
        "plausible_fabrication": 0,
        "merged_citation": 0,
        "partial_author_list": 0,
        "arxiv_version_mismatch": 0,
        "VALID": 0,
        "UNCERTAIN": 0,
        "HALLUCINATED_unknown": 0
      },
      "nonexistent_venue": {
        "fabricated_doi": 0,
        "nonexistent_venue": 4,
        "placeholder_authors": 0,
        "future_date": 0,
        "chimeric_title": 0,
        "wrong_venue": 1,
        "swapped_authors": 0,
        "preprint_as_published": 12,
        "hybrid_fabrication": 0,
        "near_miss_title": 0,
        "plausible_fabrication": 0,
        "merged_citation": 0,
        "partial_author_list": 0,
        "arxiv_version_mismatch": 0,
        "VALID": 0,
        "UNCERTAIN": 0,
        "HALLUCINATED_unknown": 0
      },
      "placeholder_authors": {
        "fabricated_doi": 1,
        "nonexistent_venue": 0,
        "placeholder_authors": 0,
        "future_date": 0,
        "chimeric_title": 0,
        "wrong_venue": 0,
        "swapped_authors": 0,
        "preprint_as_published": 18,
        "hybrid_fabrication": 2,
        "near_miss_title": 0,
        "plausible_fabrication": 0,
        "merged_citation": 0,
        "partial_author_list": 0,
        "arxiv_version_mismatch": 0,
        "VALID": 1,
        "UNCERTAIN": 0,
        "HALLUCINATED_unknown": 0
      },
      "future_date": {
        "fabricated_doi": 0,
        "nonexistent_venue": 0,
        "placeholder_authors": 0,
        "future_date": 23,
        "chimeric_title": 0,
        "wrong_venue": 0,
        "swapped_authors": 0,
        "preprint_as_published": 0,
        "hybrid_fabrication": 0,
        "near_miss_title": 0,
        "plausible_fabrication": 0,
        "merged_citation": 0,
        "partial_author_list": 0,
        "arxiv_version_mismatch": 0,
        "VALID": 0,
        "UNCERTAIN": 0,
        "HALLUCINATED_unknown": 0
      },
      "chimeric_title": {
        "fabricated_doi": 3,
        "nonexistent_venue": 0,
        "placeholder_authors": 0,
        "future_date": 0,
        "chimeric_title": 3,
        "wrong_venue": 0,
        "swapped_authors": 0,
        "preprint_as_published": 14,
        "hybrid_fabrication": 1,
        "near_miss_title": 0,
        "plausible_fabrication": 0,
        "merged_citation": 0,
        "partial_author_list": 0,
        "arxiv_version_mismatch": 0,
        "VALID": 0,
        "UNCERTAIN": 0,
        "HALLUCINATED_unknown": 0
      },
      "wrong_venue": {
        "fabricated_doi": 0,
        "nonexistent_venue": 0,
        "placeholder_authors": 0,
        "future_date": 0,
        "chimeric_title": 0,
        "wrong_venue": 2,
        "swapped_authors": 0,
        "preprint_as_published": 10,
        "hybrid_fabrication": 1,
        "near_miss_title": 0,
        "plausible_fabrication": 0,
        "merged_citation": 0,
        "partial_author_list": 0,
        "arxiv_version_mismatch": 0,
        "VALID": 0,
        "UNCERTAIN": 0,
        "HALLUCINATED_unknown": 0
      },
      "swapped_authors": {
        "fabricated_doi": 2,
        "nonexistent_venue": 0,
        "placeholder_authors": 0,
        "future_date": 0,