{
  "key": "llm_openai",
  "display": "GPT-5.1",
  "model_id": "gpt-5.1",
  "provider": "openai",
  "n": 452,
  "api_calls": 452,
  "predicted_label_dist": {
    "VALID": 199,
    "HALLUCINATED": 253
  },
  "overall": {
    "tool_name": "llm_openai",
    "split_name": "test_crossdomain",
    "num_entries": 452,
    "num_hallucinated": 300,
    "num_valid": 152,
    "detection_rate": 0.79,
    "false_positive_rate": 0.10526315789473684,
    "f1_hallucination": 0.8571428571428572,
    "tier_weighted_f1": 0.8507462686567164,
    "mcc": 0.6516573802312823,
    "macro_f1": 0.8160358160358161,
    "union_recall_at_k": {},
    "temporal_robustness": null,
    "cost_efficiency": 0.5056110234087824,
    "mean_api_calls": 1.0,
    "ece": 0.1300221238938053,
    "auroc": 0.8864473684210527,
    "auprc": 0.9324900950610976,
    "num_uncertain": 0,
    "tier3_f1": 0.7368421052631577,
    "detection_rate_ci": null,
    "f1_hallucination_ci": null,
    "tier_weighted_f1_ci": null,
    "fpr_ci": null,
    "ece_ci": null,
    "mcc_ci": null,
    "tier3_f1_ci": null,
    "per_tier_metrics": {
      "1": {
        "detection_rate": 0.925,
        "false_positive_rate": 0.10526315789473684,
        "f1": 0.8705882352941177,
        "precision": 0.8222222222222222,
        "num_hallucinated": 80,
        "num_valid": 152
      },
      "2": {
        "detection_rate": 0.7642857142857142,
        "false_positive_rate": 0.10526315789473684,
        "f1": 0.8136882129277566,
        "precision": 0.8699186991869918,
        "num_hallucinated": 140,
        "num_valid": 152
      },
      "3": {
        "detection_rate": 0.7,
        "false_positive_rate": 0.10526315789473684,
        "f1": 0.7368421052631577,
        "precision": 0.7777777777777778,
        "num_hallucinated": 80,
        "num_valid": 152
      }
    },
    "per_type_metrics": {
      "arxiv_version_mismatch": {
        "detection_rate": 1.0,
        "false_positive_rate": 0.0,
        "f1": 1.0,
        "count": 25
      },
      "chimeric_title": {
        "detection_rate": 0.9523809523809523,
        "false_positive_rate": 0.0,
        "f1": 0.975609756097561,
        "count": 21
      },
      "fabricated_doi": {
        "detection_rate": 1.0,
        "false_positive_rate": 0.0,
        "f1": 1.0,
        "count": 18
      },
      "future_date": {
        "detection_rate": 1.0,
        "false_positive_rate": 0.0,
        "f1": 1.0,
        "count": 23
      },
      "hybrid_fabrication": {
        "detection_rate": 1.0,
        "false_positive_rate": 0.0,
        "f1": 1.0,
        "count": 19
      },
      "merged_citation": {
        "detection_rate": 0.8076923076923077,
        "false_positive_rate": 0.0,
        "f1": 0.8936170212765957,
        "count": 26
      },
      "near_miss_title": {
        "detection_rate": 0.25,
        "false_positive_rate": 0.0,
        "f1": 0.4,
        "count": 32
      },
      "nonexistent_venue": {
        "detection_rate": 1.0,
        "false_positive_rate": 0.0,
        "f1": 1.0,
        "count": 17
      },
      "partial_author_list": {
        "detection_rate": 0.058823529411764705,
        "false_positive_rate": 0.0,
        "f1": 0.1111111111111111,
        "count": 17
      },
      "placeholder_authors": {
        "detection_rate": 0.7272727272727273,
        "false_positive_rate": 0.0,
        "f1": 0.8421052631578948,
        "count": 22
      },
      "plausible_fabrication": {
        "detection_rate": 1.0,
        "false_positive_rate": 0.0,
        "f1": 1.0,
        "count": 23
      },
      "preprint_as_published": {
        "detection_rate": 1.0,
        "false_positive_rate": 0.0,
        "f1": 1.0,
        "count": 19
      },
      "swapped_authors": {
        "detection_rate": 0.56,
        "false_positive_rate": 0.0,
        "f1": 0.717948717948718,
        "count": 25
      },
      "valid": {
        "detection_rate": 0.0,
        "false_positive_rate": 0.10526315789473684,
        "f1": 0.0,
        "count": 152
      },
      "wrong_venue": {
        "detection_rate": 1.0,
        "false_positive_rate": 0.0,
        "f1": 1.0,
        "count": 13
      }
    },
    "coverage": 1.0,
    "coverage_adjusted_f1": 0.8571428571428572,
    "type_accuracy": {
      "overall": 0.39662447257383965,
      "main_types_only": 0.49473684210526314,
      "stress_test_only": 0.0,
      "num_evaluated": 237.0,
      "num_correct": 94.0,
      "tier_1": 0.5675675675675675,
      "tier_2": 0.2523364485981308,
      "tier_3": 0.44642857142857145
    },
    "type_confusion": {
      "fabricated_doi": {
        "fabricated_doi": 18,
        "nonexistent_venue": 0,
        "placeholder_authors": 0,
        "future_date": 0,
        "chimeric_title": 0,
        "wrong_venue": 0,
        "swapped_authors": 0,
        "preprint_as_published": 0,
        "hybrid_fabrication": 0,
        "near_miss_title": 0,
        "plausible_fabrication": 0,
        "merged_citation": 0,
        "partial_author_list": 0,
        "arxiv_version_mismatch": 0,
        "VALID": 0,
        "UNCERTAIN": 0,
        "HALLUCINATED_unknown": 0
      },
      "nonexistent_venue": {
        "fabricated_doi": 0,
        "nonexistent_venue": 1,
        "placeholder_authors": 0,
        "future_date": 0,
        "chimeric_title": 0,
        "wrong_venue": 5,
        "swapped_authors": 0,
        "preprint_as_published": 10,
        "hybrid_fabrication": 0,
        "near_miss_title": 0,
        "plausible_fabrication": 1,
        "merged_citation": 0,
        "partial_author_list": 0,
        "arxiv_version_mismatch": 0,
        "VALID": 0,
        "UNCERTAIN": 0,
        "HALLUCINATED_unknown": 0
      },
      "placeholder_authors": {
        "fabricated_doi": 2,
        "nonexistent_venue": 0,
        "placeholder_authors": 0,
        "future_date": 0,
        "chimeric_title": 0,
        "wrong_venue": 0,
        "swapped_authors": 0,
        "preprint_as_published": 0,
        "hybrid_fabrication": 14,
        "near_miss_title": 0,
        "plausible_fabrication": 0,
        "merged_citation": 0,
        "partial_author_list": 0,
        "arxiv_version_mismatch": 0,
        "VALID": 6,
        "UNCERTAIN": 0,
        "HALLUCINATED_unknown": 0
      },
      "future_date": {
        "fabricated_doi": 0,
        "nonexistent_venue": 0,
        "placeholder_authors": 0,
        "future_date": 23,
        "chimeric_title": 0,
        "wrong_venue": 0,
        "swapped_authors": 0,
        "preprint_as_published": 0,
        "hybrid_fabrication": 0,
        "near_miss_title": 0,
        "plausible_fabrication": 0,
        "merged_citation": 0,
        "partial_author_list": 0,
        "arxiv_version_mismatch": 0,
        "VALID": 0,
        "UNCERTAIN": 0,
        "HALLUCINATED_unknown": 0
      },
      "chimeric_title": {
        "fabricated_doi": 1,
        "nonexistent_venue": 0,
        "placeholder_authors": 0,
        "future_date": 0,
        "chimeric_title": 0,
        "wrong_venue": 0,
        "swapped_authors": 0,
        "preprint_as_published": 0,
        "hybrid_fabrication": 19,
        "near_miss_title": 0,
        "plausible_fabrication": 0,
        "merged_citation": 0,
        "partial_author_list": 0,
        "arxiv_version_mismatch": 0,
        "VALID": 1,
        "UNCERTAIN": 0,
        "HALLUCINATED_unknown": 0
      },
      "wrong_venue": {
        "fabricated_doi": 0,
        "nonexistent_venue": 0,
        "placeholder_authors": 0,
        "future_date": 0,
        "chimeric_title": 0,
        "wrong_venue": 3,
        "swapped_authors": 0,
        "preprint_as_published": 10,
        "hybrid_fabrication": 0,
        "near_miss_title": 0,
        "plausible_fabrication": 0,
        "merged_citation": 0,
        "partial_author_list": 0,
        "arxiv_version_mismatch": 0,
        "VALID": 0,
        "UNCERTAIN": 0,
        "HALLUCINATED_unknown": 0
      },
      "swapped_authors": {
        "fabricated_doi": 2,
        "nonexistent_venue": 0,