{
  "key": "llm_openrouter_qwen_max",
  "display": "Qwen3-VL-235B",
  "model_id": "qwen/qwen3-vl-235b-a22b-instruct",
  "provider": "openrouter",
  "n": 452,
  "api_calls": 452,
  "predicted_label_dist": {
    "HALLUCINATED": 373,
    "VALID": 79
  },
  "overall": {
    "tool_name": "llm_openrouter_qwen_max",
    "split_name": "test_crossdomain",
    "num_entries": 452,
    "num_hallucinated": 300,
    "num_valid": 152,
    "detection_rate": 0.9633333333333334,
    "false_positive_rate": 0.5526315789473685,
    "f1_hallucination": 0.8588410104011888,
    "tier_weighted_f1": 0.9099601593625497,
    "mcc": 0.5109060174204769,
    "macro_f1": 0.7237927995728888,
    "union_recall_at_k": {},
    "temporal_robustness": null,
    "cost_efficiency": 0.15979434251837027,
    "mean_api_calls": 1.0,
    "ece": 0.17745575221238935,
    "auroc": 0.7870065789473685,
    "auprc": 0.8299076094541944,
    "num_uncertain": 0,
    "tier3_f1": 0.6160337552742615,
    "detection_rate_ci": null,
    "f1_hallucination_ci": null,
    "tier_weighted_f1_ci": null,
    "fpr_ci": null,
    "ece_ci": null,
    "mcc_ci": null,
    "tier3_f1_ci": null,
    "per_tier_metrics": {
      "1": {
        "detection_rate": 1.0,
        "false_positive_rate": 0.5526315789473685,
        "f1": 0.6557377049180327,
        "precision": 0.4878048780487805,
        "num_hallucinated": 80,
        "num_valid": 152
      },
      "2": {
        "detection_rate": 0.9714285714285714,
        "false_positive_rate": 0.5526315789473685,
        "f1": 0.7555555555555554,
        "precision": 0.6181818181818182,
        "num_hallucinated": 140,
        "num_valid": 152
      },
      "3": {
        "detection_rate": 0.9125,
        "false_positive_rate": 0.5526315789473685,
        "f1": 0.6160337552742615,
        "precision": 0.46496815286624205,
        "num_hallucinated": 80,
        "num_valid": 152
      }
    },
    "per_type_metrics": {
      "arxiv_version_mismatch": {
        "detection_rate": 1.0,
        "false_positive_rate": 0.0,
        "f1": 1.0,
        "count": 25
      },
      "chimeric_title": {
        "detection_rate": 1.0,
        "false_positive_rate": 0.0,
        "f1": 1.0,
        "count": 21
      },
      "fabricated_doi": {
        "detection_rate": 1.0,
        "false_positive_rate": 0.0,
        "f1": 1.0,
        "count": 18
      },
      "future_date": {
        "detection_rate": 1.0,
        "false_positive_rate": 0.0,
        "f1": 1.0,
        "count": 23
      },
      "hybrid_fabrication": {
        "detection_rate": 1.0,
        "false_positive_rate": 0.0,
        "f1": 1.0,
        "count": 19
      },
      "merged_citation": {
        "detection_rate": 1.0,
        "false_positive_rate": 0.0,
        "f1": 1.0,
        "count": 26
      },
      "near_miss_title": {
        "detection_rate": 0.78125,
        "false_positive_rate": 0.0,
        "f1": 0.8771929824561403,
        "count": 32
      },
      "nonexistent_venue": {
        "detection_rate": 1.0,
        "false_positive_rate": 0.0,
        "f1": 1.0,
        "count": 17
      },
      "partial_author_list": {
        "detection_rate": 0.8823529411764706,
        "false_positive_rate": 0.0,
        "f1": 0.9375,
        "count": 17
      },
      "placeholder_authors": {
        "detection_rate": 1.0,
        "false_positive_rate": 0.0,
        "f1": 1.0,
        "count": 22
      },
      "plausible_fabrication": {
        "detection_rate": 1.0,
        "false_positive_rate": 0.0,
        "f1": 1.0,
        "count": 23
      },
      "preprint_as_published": {
        "detection_rate": 1.0,
        "false_positive_rate": 0.0,
        "f1": 1.0,
        "count": 19
      },
      "swapped_authors": {
        "detection_rate": 0.92,
        "false_positive_rate": 0.0,
        "f1": 0.9583333333333334,
        "count": 25
      },
      "valid": {
        "detection_rate": 0.0,
        "false_positive_rate": 0.5526315789473685,
        "f1": 0.0,
        "count": 152
      },
      "wrong_venue": {
        "detection_rate": 1.0,
        "false_positive_rate": 0.0,
        "f1": 1.0,
        "count": 13
      }
    },
    "coverage": 1.0,
    "coverage_adjusted_f1": 0.8588410104011888,
    "type_accuracy": {
      "overall": 0.289198606271777,
      "main_types_only": 0.3755656108597285,
      "stress_test_only": 0.0,
      "num_evaluated": 287.0,
      "num_correct": 83.0,
      "tier_1": 0.6125,
      "tier_2": 0.08088235294117647,
      "tier_3": 0.323943661971831
    },
    "type_confusion": {
      "fabricated_doi": {
        "fabricated_doi": 18,
        "nonexistent_venue": 0,
        "placeholder_authors": 0,
        "future_date": 0,
        "chimeric_title": 0,
        "wrong_venue": 0,
        "swapped_authors": 0,
        "preprint_as_published": 0,
        "hybrid_fabrication": 0,
        "near_miss_title": 0,
        "plausible_fabrication": 0,
        "merged_citation": 0,
        "partial_author_list": 0,
        "arxiv_version_mismatch": 0,
        "VALID": 0,
        "UNCERTAIN": 0,
        "HALLUCINATED_unknown": 0
      },
      "nonexistent_venue": {
        "fabricated_doi": 0,
        "nonexistent_venue": 8,
        "placeholder_authors": 0,
        "future_date": 0,
        "chimeric_title": 0,
        "wrong_venue": 2,
        "swapped_authors": 0,
        "preprint_as_published": 7,
        "hybrid_fabrication": 0,
        "near_miss_title": 0,
        "plausible_fabrication": 0,
        "merged_citation": 0,
        "partial_author_list": 0,
        "arxiv_version_mismatch": 0,
        "VALID": 0,
        "UNCERTAIN": 0,
        "HALLUCINATED_unknown": 0
      },
      "placeholder_authors": {
        "fabricated_doi": 22,
        "nonexistent_venue": 0,
        "placeholder_authors": 0,
        "future_date": 0,
        "chimeric_title": 0,
        "wrong_venue": 0,
        "swapped_authors": 0,
        "preprint_as_published": 0,
        "hybrid_fabrication": 0,
        "near_miss_title": 0,
        "plausible_fabrication": 0,
        "merged_citation": 0,
        "partial_author_list": 0,
        "arxiv_version_mismatch": 0,
        "VALID": 0,
        "UNCERTAIN": 0,
        "HALLUCINATED_unknown": 0
      },
      "future_date": {
        "fabricated_doi": 0,
        "nonexistent_venue": 0,
        "placeholder_authors": 0,
        "future_date": 23,
        "chimeric_title": 0,
        "wrong_venue": 0,
        "swapped_authors": 0,
        "preprint_as_published": 0,
        "hybrid_fabrication": 0,
        "near_miss_title": 0,
        "plausible_fabrication": 0,
        "merged_citation": 0,
        "partial_author_list": 0,
        "arxiv_version_mismatch": 0,
        "VALID": 0,
        "UNCERTAIN": 0,
        "HALLUCINATED_unknown": 0
      },
      "chimeric_title": {
        "fabricated_doi": 13,
        "nonexistent_venue": 0,
        "placeholder_authors": 0,
        "future_date": 0,
        "chimeric_title": 2,
        "wrong_venue": 0,
        "swapped_authors": 0,
        "preprint_as_published": 1,
        "hybrid_fabrication": 1,
        "near_miss_title": 0,
        "plausible_fabrication": 4,
        "merged_citation": 0,
        "partial_author_list": 0,
        "arxiv_version_mismatch": 0,
        "VALID": 0,
        "UNCERTAIN": 0,
        "HALLUCINATED_unknown": 0
      },
      "wrong_venue": {
        "fabricated_doi": 5,
        "nonexistent_venue": 0,
        "placeholder_authors": 0,
        "future_date": 0,
        "chimeric_title": 0,
        "wrong_venue": 1,
        "swapped_authors": 0,
        "preprint_as_published": 7,
        "hybrid_fabrication": 0,
        "near_miss_title": 0,
        "plausible_fabrication": 0,
        "merged_citation": 0,
        "partial_author_list": 0,
        "arxiv_version_mismatch": 0,
        "VALID": 0,
        "UNCERTAIN": 0,
        "HALLUCINATED_unknown": 0
      },
      "swapped_authors": {
        "fabricated_doi": 14,
        "nonexistent_venue": 0,
        "placeholder_authors": 0,