{
  "ablation": "A2 decoding / self-consistency",
  "sample": "results/ablations/pilot_sample_dev60.jsonl (n=60, 34 HALL / 26 VALID)",
  "part_a_temperature": {
    "model": "deepseek/deepseek-v3.2 (OpenRouter), seed=42",
    "temp0": {
      "DR": 1.0,
      "FPR": 0.808,
      "F1": 0.764
    },
    "temp1": {
      "DR": 0.971,
      "FPR": 0.885,
      "F1": 0.733
    },
    "verdict_flip_rate_t0_vs_t1": 0.0833,
    "shift_t0_to_t1": {
      "dDR": -0.029,
      "dFPR": 0.077,
      "dF1": -0.031
    }
  },
  "part_b_selfconsistency_gpt51": {
    "source": "fresh GPT-5.1 self-consistency, OpenAI direct (OPENAI_API_KEY), n=60 pilot_sample_dev60, k=3 draws. Mirrors the E3 protocol: temp=0 default + seed=42 with a distinct checkpoint_dir per draw (real re-calls); residual draw-to-draw variance is OpenAI backend nondeterminism.",
    "n": 60,
    "k": 3,
    "per_draw": {
      "DR": [0.9411764705882353, 0.9411764705882353, 0.9117647058823529],
      "FPR": [0.38461538461538464, 0.4230769230769231, 0.34615384615384615],
      "F1": [0.8421052631578947, 0.8311688311688312, 0.8378378378378379]
    },
    "majority_vote": {
      "DR": 0.9411764705882353,
      "FPR": 0.34615384615384615,
      "F1": 0.8533333333333334
    },
    "across_draw_flip_rate": 0.06666666666666667,
    "unstable_entries": 4,
    "f1_band": [
      0.8311688311688312,
      0.8421052631578947
    ],
    "fpr_band": [
      0.34615384615384615,
      0.4230769230769231
    ],
    "maj3_vs_mean_single": {
      "f1_delta": 0.0163,
      "fpr_delta": -0.0385
    },
    "e3_n150_crosscheck": {
      "note": "E3 variance run, n=150 dev_public, same temp=0 default protocol (larger, easier sample \u2014 not directly comparable in magnitude to the n=60 pilot).",
      "across_draw_flip_rate": 0.0067,
      "f1_band": [0.7878787878787878, 0.7918781725888325],
      "fpr_band": [0.5507246376811594, 0.5652173913043478]
    }
  },
  "part_b_crosscheck_deepseek": {
    "model": "deepseek/deepseek-v3.2 @ temp=1, 3 draws, n=60",
    "across_draw_flip_rate": 0.1333,
    "f1_band": [
      0.7312,
      0.7416
    ],
    "fpr_band": [
      0.8462,
      0.9615
    ],
    "maj3": {
      "DR": 1.0,
      "FPR": 0.923,
      "F1": 0.739
    }
  },
  "paper_anchor_gaps": {
    "Sonnet_vs_GPT51_F1_gap": 0.069,
    "Sonnet_vs_Opus_F1_gap": 0.016,
    "E3_reported_F1_std": 0.002
  }
}
