{
  "tool_name": "llm_openrouter_gemini_flash",
  "split_name": "temporal_supplement_v1subset",
  "num_entries": 448,
  "num_hallucinated": 148,
  "num_valid": 300,
  "detection_rate": 0.8435374149659864,
  "false_positive_rate": 0.5945945945945946,
  "f1_hallucination": 0.5548098434004475,
  "tier_weighted_f1": 0.6696296296296296,
  "mcc": 0.25071220837454244,
  "macro_f1": 0.5507534410624105,
  "union_recall_at_k": {},
  "temporal_robustness": null,
  "cost_efficiency": 0.7588571589447559,
  "mean_api_calls": 1.0,
  "ece": 0.3582392776523702,
  "auroc": 0.6816165655451368,
  "auprc": 0.47101724293029706,
  "num_uncertain": 5,
  "tier3_f1": 0.2612244897959184,
  "detection_rate_ci": null,
  "f1_hallucination_ci": null,
  "tier_weighted_f1_ci": null,
  "fpr_ci": null,
  "ece_ci": null,
  "mcc_ci": null,
  "tier3_f1_ci": null,
  "per_tier_metrics": {
    "1": {
      "detection_rate": 0.9310344827586207,
      "false_positive_rate": 0.5945945945945946,
      "f1": 0.375,
      "precision": 0.23478260869565218,
      "num_hallucinated": 58,
      "num_valid": 300
    },
    "2": {
      "detection_rate": 0.7307692307692307,
      "false_positive_rate": 0.5945945945945946,
      "f1": 0.2857142857142857,
      "precision": 0.17757009345794392,
      "num_hallucinated": 52,
      "num_valid": 300
    },
    "3": {
      "detection_rate": 0.8648648648648649,
      "false_positive_rate": 0.5945945945945946,
      "f1": 0.2612244897959184,
      "precision": 0.15384615384615385,
      "num_hallucinated": 38,
      "num_valid": 300
    }
  },
  "per_type_metrics": {
    "arxiv_version_mismatch": {
      "detection_rate": 0.8235294117647058,
      "false_positive_rate": 0.0,
      "f1": 0.9032258064516129,
      "count": 17
    },
    "chimeric_title": {
      "detection_rate": 0.7777777777777778,
      "false_positive_rate": 0.0,
      "f1": 0.8750000000000001,
      "count": 9
    },
    "fabricated_doi": {
      "detection_rate": 1.0,
      "false_positive_rate": 0.0,
      "f1": 1.0,
      "count": 10
    },
    "future_date": {
      "detection_rate": 1.0,
      "false_positive_rate": 0.0,
      "f1": 1.0,
      "count": 18
    },
    "hybrid_fabrication": {
      "detection_rate": 0.9285714285714286,
      "false_positive_rate": 0.0,
      "f1": 0.962962962962963,
      "count": 14
    },
    "merged_citation": {
      "detection_rate": 0.0,
      "false_positive_rate": 0.0,
      "f1": 0.0,
      "count": 1
    },
    "near_miss_title": {
      "detection_rate": 0.7777777777777778,
      "false_positive_rate": 0.0,
      "f1": 0.8750000000000001,
      "count": 10
    },
    "nonexistent_venue": {
      "detection_rate": 0.9166666666666666,
      "false_positive_rate": 0.0,
      "f1": 0.9565217391304348,
      "count": 12
    },
    "partial_author_list": {
      "detection_rate": 0.5555555555555556,
      "false_positive_rate": 0.0,
      "f1": 0.7142857142857143,
      "count": 9
    },
    "placeholder_authors": {
      "detection_rate": 0.8333333333333334,
      "false_positive_rate": 0.0,
      "f1": 0.9090909090909091,
      "count": 18
    },
    "plausible_fabrication": {
      "detection_rate": 1.0,
      "false_positive_rate": 0.0,
      "f1": 1.0,
      "count": 11
    },
    "preprint_as_published": {
      "detection_rate": 0.42857142857142855,
      "false_positive_rate": 0.0,
      "f1": 0.6,
      "count": 7
    },
    "swapped_authors": {
      "detection_rate": 0.6666666666666666,
      "false_positive_rate": 0.0,
      "f1": 0.8,
      "count": 3
    },
    "valid": {
      "detection_rate": 0.0,
      "false_positive_rate": 0.5945945945945946,
      "f1": 0.0,
      "count": 300
    },
    "wrong_venue": {
      "detection_rate": 0.8888888888888888,
      "false_positive_rate": 0.0,
      "f1": 0.9411764705882353,
      "count": 9
    }
  },
  "coverage": 1.0,
  "coverage_adjusted_f1": 0.5548098434004475,
  "_note": "Recomputed on canonical 448-entry v1.0 temporal supplement (first-occurrence deduplication of 480-line stale predictions)",
  "_stale_pred_file": "results/temporal_supplement/llm_openrouter_gemini_flash_temporal_predictions.jsonl",
  "_stale_n": 480,
  "_subset_n": 448
}
