{
  "tool_name": "llm_openrouter_gemini_pro_temporal_supplement",
  "split_name": "temporal_supplement",
  "num_entries": 448,
  "num_hallucinated": 148,
  "num_valid": 300,
  "detection_rate": 0.6258503401360545,
  "false_positive_rate": 0.25,
  "f1_hallucination": 0.5878594249201278,
  "tier_weighted_f1": 0.615079365079365,
  "mcc": 0.3656162938026198,
  "macro_f1": 0.6813642674338859,
  "union_recall_at_k": {},
  "temporal_robustness": null,
  "cost_efficiency": 0.07993133923129582,
  "mean_api_calls": 1.0,
  "ece": 0.28284424379232503,
  "auroc": 0.7131825703254274,
  "auprc": 0.5263958588309862,
  "num_uncertain": 5,
  "tier3_f1": 0.3157894736842105,
  "detection_rate_ci": null,
  "f1_hallucination_ci": null,
  "tier_weighted_f1_ci": null,
  "fpr_ci": null,
  "ece_ci": null,
  "mcc_ci": null,
  "tier3_f1_ci": null,
  "per_tier_metrics": {
    "1": {
      "detection_rate": 0.8771929824561403,
      "false_positive_rate": 0.25,
      "f1": 0.5524861878453038,
      "precision": 0.4032258064516129,
      "num_hallucinated": 58,
      "num_valid": 300
    },
    "2": {
      "detection_rate": 0.40384615384615385,
      "false_positive_rate": 0.25,
      "f1": 0.2857142857142857,
      "precision": 0.22105263157894736,
      "num_hallucinated": 52,
      "num_valid": 300
    },
    "3": {
      "detection_rate": 0.5526315789473685,
      "false_positive_rate": 0.25,
      "f1": 0.3157894736842105,
      "precision": 0.22105263157894736,
      "num_hallucinated": 38,
      "num_valid": 300
    }
  },
  "per_type_metrics": {
    "arxiv_version_mismatch": {
      "detection_rate": 0.4117647058823529,
      "false_positive_rate": 0.0,
      "f1": 0.5833333333333334,
      "count": 17
    },
    "chimeric_title": {
      "detection_rate": 0.4444444444444444,
      "false_positive_rate": 0.0,
      "f1": 0.6153846153846153,
      "count": 9
    },
    "fabricated_doi": {
      "detection_rate": 0.9,
      "false_positive_rate": 0.0,
      "f1": 0.9473684210526316,
      "count": 10
    },
    "future_date": {
      "detection_rate": 1.0,
      "false_positive_rate": 0.0,
      "f1": 1.0,
      "count": 18
    },
    "hybrid_fabrication": {
      "detection_rate": 0.9285714285714286,
      "false_positive_rate": 0.0,
      "f1": 0.962962962962963,
      "count": 14
    },
    "merged_citation": {
      "detection_rate": 0.0,
      "false_positive_rate": 0.0,
      "f1": 0.0,
      "count": 1
    },
    "near_miss_title": {
      "detection_rate": 0.3,
      "false_positive_rate": 0.0,
      "f1": 0.4615384615384615,
      "count": 10
    },
    "nonexistent_venue": {
      "detection_rate": 0.6666666666666666,
      "false_positive_rate": 0.0,
      "f1": 0.8,
      "count": 12
    },
    "partial_author_list": {
      "detection_rate": 0.1111111111111111,
      "false_positive_rate": 0.0,
      "f1": 0.19999999999999998,
      "count": 9
    },
    "placeholder_authors": {
      "detection_rate": 0.8888888888888888,
      "false_positive_rate": 0.0,
      "f1": 0.9411764705882353,
      "count": 18
    },
    "plausible_fabrication": {
      "detection_rate": 1.0,
      "false_positive_rate": 0.0,
      "f1": 1.0,
      "count": 11
    },
    "preprint_as_published": {
      "detection_rate": 0.2857142857142857,
      "false_positive_rate": 0.0,
      "f1": 0.4444444444444445,
      "count": 7
    },
    "swapped_authors": {
      "detection_rate": 0.0,
      "false_positive_rate": 0.0,
      "f1": 0.0,
      "count": 3
    },
    "valid": {
      "detection_rate": 0.0,
      "false_positive_rate": 0.25,
      "f1": 0.0,
      "count": 300
    },
    "wrong_venue": {
      "detection_rate": 0.1111111111111111,
      "false_positive_rate": 0.0,
      "f1": 0.19999999999999998,
      "count": 9
    }
  },
  "coverage": 1.0,
  "coverage_adjusted_f1": 0.5878594249201278
}
