{
  "tool_name": "llm_openrouter_mistral",
  "split_name": "temporal_supplement_v1subset",
  "num_entries": 448,
  "num_hallucinated": 148,
  "num_valid": 300,
  "detection_rate": 0.9523809523809523,
  "false_positive_rate": 0.7932203389830509,
  "f1_hallucination": 0.5374280230326296,
  "tier_weighted_f1": 0.6744791666666667,
  "mcc": 0.20783324673616524,
  "macro_f1": 0.43675808865130106,
  "union_recall_at_k": {},
  "temporal_robustness": null,
  "cost_efficiency": 0.27994835555799935,
  "mean_api_calls": 1.0,
  "ece": 0.4995475113122172,
  "auroc": 0.7039548022598869,
  "auprc": 0.561828563055801,
  "num_uncertain": 6,
  "tier3_f1": 0.23376623376623376,
  "detection_rate_ci": null,
  "f1_hallucination_ci": null,
  "tier_weighted_f1_ci": null,
  "fpr_ci": null,
  "ece_ci": null,
  "mcc_ci": null,
  "tier3_f1_ci": null,
  "per_tier_metrics": {
    "1": {
      "detection_rate": 1.0,
      "false_positive_rate": 0.7932203389830509,
      "f1": 0.3275862068965517,
      "precision": 0.1958762886597938,
      "num_hallucinated": 58,
      "num_valid": 300
    },
    "2": {
      "detection_rate": 0.9038461538461539,
      "false_positive_rate": 0.7932203389830509,
      "f1": 0.2822822822822823,
      "precision": 0.16725978647686832,
      "num_hallucinated": 52,
      "num_valid": 300
    },
    "3": {
      "detection_rate": 0.9473684210526315,
      "false_positive_rate": 0.7932203389830509,
      "f1": 0.23376623376623376,
      "precision": 0.13333333333333333,
      "num_hallucinated": 38,
      "num_valid": 300
    }
  },
  "per_type_metrics": {
    "arxiv_version_mismatch": {
      "detection_rate": 0.8823529411764706,
      "false_positive_rate": 0.0,
      "f1": 0.9375,
      "count": 17
    },
    "chimeric_title": {
      "detection_rate": 1.0,
      "false_positive_rate": 0.0,
      "f1": 1.0,
      "count": 9
    },
    "fabricated_doi": {
      "detection_rate": 1.0,
      "false_positive_rate": 0.0,
      "f1": 1.0,
      "count": 10
    },
    "future_date": {
      "detection_rate": 1.0,
      "false_positive_rate": 0.0,
      "f1": 1.0,
      "count": 18
    },
    "hybrid_fabrication": {
      "detection_rate": 1.0,
      "false_positive_rate": 0.0,
      "f1": 1.0,
      "count": 14
    },
    "merged_citation": {
      "detection_rate": 1.0,
      "false_positive_rate": 0.0,
      "f1": 1.0,
      "count": 1
    },
    "near_miss_title": {
      "detection_rate": 1.0,
      "false_positive_rate": 0.0,
      "f1": 1.0,
      "count": 10
    },
    "nonexistent_venue": {
      "detection_rate": 1.0,
      "false_positive_rate": 0.0,
      "f1": 1.0,
      "count": 12
    },
    "partial_author_list": {
      "detection_rate": 0.6666666666666666,
      "false_positive_rate": 0.0,
      "f1": 0.8,
      "count": 9
    },
    "placeholder_authors": {
      "detection_rate": 1.0,
      "false_positive_rate": 0.0,
      "f1": 1.0,
      "count": 18
    },
    "plausible_fabrication": {
      "detection_rate": 1.0,
      "false_positive_rate": 0.0,
      "f1": 1.0,
      "count": 11
    },
    "preprint_as_published": {
      "detection_rate": 0.8571428571428571,
      "false_positive_rate": 0.0,
      "f1": 0.923076923076923,
      "count": 7
    },
    "swapped_authors": {
      "detection_rate": 1.0,
      "false_positive_rate": 0.0,
      "f1": 1.0,
      "count": 3
    },
    "valid": {
      "detection_rate": 0.0,
      "false_positive_rate": 0.7932203389830509,
      "f1": 0.0,
      "count": 300
    },
    "wrong_venue": {
      "detection_rate": 0.8888888888888888,
      "false_positive_rate": 0.0,
      "f1": 0.9411764705882353,
      "count": 9
    }
  },
  "coverage": 1.0,
  "coverage_adjusted_f1": 0.5374280230326296,
  "_note": "Recomputed on canonical 448-entry v1.0 temporal supplement (first-occurrence deduplication of 480-line stale predictions)",
  "_stale_pred_file": "results/temporal_supplement/llm_openrouter_mistral_temporal_predictions.jsonl",
  "_stale_n": 480,
  "_subset_n": 448
}
