{
  "tool_name": "llm_openrouter_deepseek_v3",
  "split_name": "temporal_supplement_v1subset",
  "num_entries": 448,
  "num_hallucinated": 148,
  "num_valid": 300,
  "detection_rate": 0.9797297297297297,
  "false_positive_rate": 0.7591973244147158,
  "f1_hallucination": 0.5576923076923077,
  "tier_weighted_f1": 0.6968911917098446,
  "mcc": 0.27773893413875417,
  "macro_f1": 0.47135952283011107,
  "union_recall_at_k": {},
  "temporal_robustness": null,
  "cost_efficiency": 0.06359876803918066,
  "mean_api_calls": 1.0,
  "ece": 0.47469798657718115,
  "auroc": 0.6979345566302088,
  "auprc": 0.4618873343861746,
  "num_uncertain": 1,
  "tier3_f1": 0.2450331125827814,
  "detection_rate_ci": null,
  "f1_hallucination_ci": null,
  "tier_weighted_f1_ci": null,
  "fpr_ci": null,
  "ece_ci": null,
  "mcc_ci": null,
  "tier3_f1_ci": null,
  "per_tier_metrics": {
    "1": {
      "detection_rate": 1.0,
      "false_positive_rate": 0.7591973244147158,
      "f1": 0.33819241982507287,
      "precision": 0.20350877192982456,
      "num_hallucinated": 58,
      "num_valid": 300
    },
    "2": {
      "detection_rate": 0.9615384615384616,
      "false_positive_rate": 0.7591973244147158,
      "f1": 0.30395136778115506,
      "precision": 0.18050541516245489,
      "num_hallucinated": 52,
      "num_valid": 300
    },
    "3": {
      "detection_rate": 0.9736842105263158,
      "false_positive_rate": 0.7591973244147158,
      "f1": 0.2450331125827814,
      "precision": 0.14015151515151514,
      "num_hallucinated": 38,
      "num_valid": 300
    }
  },
  "per_type_metrics": {
    "arxiv_version_mismatch": {
      "detection_rate": 1.0,
      "false_positive_rate": 0.0,
      "f1": 1.0,
      "count": 17
    },
    "chimeric_title": {
      "detection_rate": 1.0,
      "false_positive_rate": 0.0,
      "f1": 1.0,
      "count": 9
    },
    "fabricated_doi": {
      "detection_rate": 1.0,
      "false_positive_rate": 0.0,
      "f1": 1.0,
      "count": 10
    },
    "future_date": {
      "detection_rate": 1.0,
      "false_positive_rate": 0.0,
      "f1": 1.0,
      "count": 18
    },
    "hybrid_fabrication": {
      "detection_rate": 1.0,
      "false_positive_rate": 0.0,
      "f1": 1.0,
      "count": 14
    },
    "merged_citation": {
      "detection_rate": 1.0,
      "false_positive_rate": 0.0,
      "f1": 1.0,
      "count": 1
    },
    "near_miss_title": {
      "detection_rate": 0.9,
      "false_positive_rate": 0.0,
      "f1": 0.9473684210526316,
      "count": 10
    },
    "nonexistent_venue": {
      "detection_rate": 1.0,
      "false_positive_rate": 0.0,
      "f1": 1.0,
      "count": 12
    },
    "partial_author_list": {
      "detection_rate": 1.0,
      "false_positive_rate": 0.0,
      "f1": 1.0,
      "count": 9
    },
    "placeholder_authors": {
      "detection_rate": 1.0,
      "false_positive_rate": 0.0,
      "f1": 1.0,
      "count": 18
    },
    "plausible_fabrication": {
      "detection_rate": 1.0,
      "false_positive_rate": 0.0,
      "f1": 1.0,
      "count": 11
    },
    "preprint_as_published": {
      "detection_rate": 0.7142857142857143,
      "false_positive_rate": 0.0,
      "f1": 0.8333333333333333,
      "count": 7
    },
    "swapped_authors": {
      "detection_rate": 1.0,
      "false_positive_rate": 0.0,
      "f1": 1.0,
      "count": 3
    },
    "valid": {
      "detection_rate": 0.0,
      "false_positive_rate": 0.7591973244147158,
      "f1": 0.0,
      "count": 300
    },
    "wrong_venue": {
      "detection_rate": 1.0,
      "false_positive_rate": 0.0,
      "f1": 1.0,
      "count": 9
    }
  },
  "coverage": 1.0,
  "coverage_adjusted_f1": 0.5576923076923077,
  "_note": "Recomputed on canonical 448-entry v1.0 temporal supplement (first-occurrence deduplication of 480-line stale predictions)",
  "_stale_pred_file": "results/temporal_supplement/llm_openrouter_deepseek_v3_temporal_predictions.jsonl",
  "_stale_n": 480,
  "_subset_n": 448
}
