{
  "tool_name": "llm_openai",
  "split_name": "temporal_supplement_v1subset",
  "num_entries": 448,
  "num_hallucinated": 148,
  "num_valid": 300,
  "detection_rate": 0.9583333333333334,
  "false_positive_rate": 0.7593220338983051,
  "f1_hallucination": 0.5454545454545455,
  "tier_weighted_f1": 0.6844207723035952,
  "mcc": 0.24568030444160371,
  "macro_f1": 0.4635874877810362,
  "union_recall_at_k": {},
  "temporal_robustness": null,
  "cost_efficiency": 0.2899050852876881,
  "mean_api_calls": 1.0,
  "ece": 0.42236902050113884,
  "auroc": 0.7758827683615821,
  "auprc": 0.6442093447728283,
  "num_uncertain": 9,
  "tier3_f1": 0.24242424242424243,
  "detection_rate_ci": null,
  "f1_hallucination_ci": null,
  "tier_weighted_f1_ci": null,
  "fpr_ci": null,
  "ece_ci": null,
  "mcc_ci": null,
  "tier3_f1_ci": null,
  "per_tier_metrics": {
    "1": {
      "detection_rate": 1.0,
      "false_positive_rate": 0.7593220338983051,
      "f1": 0.32934131736526945,
      "precision": 0.1971326164874552,
      "num_hallucinated": 58,
      "num_valid": 300
    },
    "2": {
      "detection_rate": 0.9038461538461539,
      "false_positive_rate": 0.7593220338983051,
      "f1": 0.29102167182662536,
      "precision": 0.17343173431734318,
      "num_hallucinated": 52,
      "num_valid": 300
    },
    "3": {
      "detection_rate": 0.972972972972973,
      "false_positive_rate": 0.7593220338983051,
      "f1": 0.24242424242424243,
      "precision": 0.13846153846153847,
      "num_hallucinated": 38,
      "num_valid": 300
    }
  },
  "per_type_metrics": {
    "arxiv_version_mismatch": {
      "detection_rate": 1.0,
      "false_positive_rate": 0.0,
      "f1": 1.0,
      "count": 17
    },
    "chimeric_title": {
      "detection_rate": 1.0,
      "false_positive_rate": 0.0,
      "f1": 1.0,
      "count": 9
    },
    "fabricated_doi": {
      "detection_rate": 1.0,
      "false_positive_rate": 0.0,
      "f1": 1.0,
      "count": 10
    },
    "future_date": {
      "detection_rate": 1.0,
      "false_positive_rate": 0.0,
      "f1": 1.0,
      "count": 18
    },
    "hybrid_fabrication": {
      "detection_rate": 1.0,
      "false_positive_rate": 0.0,
      "f1": 1.0,
      "count": 14
    },
    "merged_citation": {
      "detection_rate": 1.0,
      "false_positive_rate": 0.0,
      "f1": 1.0,
      "count": 1
    },
    "near_miss_title": {
      "detection_rate": 0.9,
      "false_positive_rate": 0.0,
      "f1": 0.9473684210526316,
      "count": 10
    },
    "nonexistent_venue": {
      "detection_rate": 1.0,
      "false_positive_rate": 0.0,
      "f1": 1.0,
      "count": 12
    },
    "partial_author_list": {
      "detection_rate": 0.6666666666666666,
      "false_positive_rate": 0.0,
      "f1": 0.8,
      "count": 9
    },
    "placeholder_authors": {
      "detection_rate": 1.0,
      "false_positive_rate": 0.0,
      "f1": 1.0,
      "count": 18
    },
    "plausible_fabrication": {
      "detection_rate": 1.0,
      "false_positive_rate": 0.0,
      "f1": 1.0,
      "count": 11
    },
    "preprint_as_published": {
      "detection_rate": 0.8571428571428571,
      "false_positive_rate": 0.0,
      "f1": 0.923076923076923,
      "count": 7
    },
    "swapped_authors": {
      "detection_rate": 0.6666666666666666,
      "false_positive_rate": 0.0,
      "f1": 0.8,
      "count": 3
    },
    "valid": {
      "detection_rate": 0.0,
      "false_positive_rate": 0.7593220338983051,
      "f1": 0.0,
      "count": 300
    },
    "wrong_venue": {
      "detection_rate": 1.0,
      "false_positive_rate": 0.0,
      "f1": 1.0,
      "count": 9
    }
  },
  "coverage": 1.0,
  "coverage_adjusted_f1": 0.5454545454545455,
  "_note": "Recomputed on canonical 448-entry v1.0 temporal supplement (first-occurrence deduplication of 480-line stale predictions)",
  "_stale_pred_file": "results/temporal_supplement/llm_openai_temporal_predictions.jsonl",
  "_stale_n": 480,
  "_subset_n": 448
}
