{
  "tool_name": "llm_openrouter_mistral",
  "split_name": "temporal_2024_2025",
  "num_entries": 480,
  "num_hallucinated": 150,
  "num_valid": 330,
  "detection_rate": 0.9530201342281879,
  "false_positive_rate": 0.7699386503067485,
  "f1_hallucination": 0.5239852398523985,
  "tier_weighted_f1": 0.6615969581749048,
  "mcc": 0.2247724900163468,
  "macro_f1": 0.445816149337964,
  "union_recall_at_k": {},
  "temporal_robustness": null,
  "cost_efficiency": 0.2797131559870536,
  "mean_api_calls": 1.0,
  "ece": 0.4982947368421052,
  "auroc": 0.709185984271421,
  "auprc": 0.5486918358971158,
  "num_uncertain": 6,
  "detection_rate_ci": null,
  "f1_hallucination_ci": null,
  "tier_weighted_f1_ci": null,
  "fpr_ci": null,
  "ece_ci": null,
  "mcc_ci": null,
  "per_tier_metrics": {
    "1": {
      "detection_rate": 1.0,
      "false_positive_rate": 0.7699386503067485,
      "f1": 0.3197831978319783,
      "precision": 0.19032258064516128,
      "num_hallucinated": 60,
      "num_valid": 330
    },
    "2": {
      "detection_rate": 0.9038461538461539,
      "false_positive_rate": 0.7699386503067485,
      "f1": 0.2685714285714285,
      "precision": 0.15771812080536912,
      "num_hallucinated": 52,
      "num_valid": 330
    },
    "3": {
      "detection_rate": 0.9473684210526315,
      "false_positive_rate": 0.7699386503067485,
      "f1": 0.22153846153846155,
      "precision": 0.1254355400696864,
      "num_hallucinated": 38,
      "num_valid": 330
    }
  },
  "per_type_metrics": {
    "arxiv_version_mismatch": {
      "detection_rate": 0.8823529411764706,
      "false_positive_rate": 0.0,
      "f1": 0.9375,
      "count": 17
    },
    "chimeric_title": {
      "detection_rate": 1.0,
      "false_positive_rate": 0.0,
      "f1": 1.0,
      "count": 9
    },
    "fabricated_doi": {
      "detection_rate": 1.0,
      "false_positive_rate": 0.0,
      "f1": 1.0,
      "count": 11
    },
    "future_date": {
      "detection_rate": 1.0,
      "false_positive_rate": 0.0,
      "f1": 1.0,
      "count": 18
    },
    "hybrid_fabrication": {
      "detection_rate": 1.0,
      "false_positive_rate": 0.0,
      "f1": 1.0,
      "count": 14
    },
    "merged_citation": {
      "detection_rate": 1.0,
      "false_positive_rate": 0.0,
      "f1": 1.0,
      "count": 1
    },
    "near_miss_title": {
      "detection_rate": 1.0,
      "false_positive_rate": 0.0,
      "f1": 1.0,
      "count": 10
    },
    "nonexistent_venue": {
      "detection_rate": 1.0,
      "false_positive_rate": 0.0,
      "f1": 1.0,
      "count": 13
    },
    "partial_author_list": {
      "detection_rate": 0.6666666666666666,
      "false_positive_rate": 0.0,
      "f1": 0.8,
      "count": 9
    },
    "placeholder_authors": {
      "detection_rate": 1.0,
      "false_positive_rate": 0.0,
      "f1": 1.0,
      "count": 18
    },
    "plausible_fabrication": {
      "detection_rate": 1.0,
      "false_positive_rate": 0.0,
      "f1": 1.0,
      "count": 11
    },
    "preprint_as_published": {
      "detection_rate": 0.8571428571428571,
      "false_positive_rate": 0.0,
      "f1": 0.923076923076923,
      "count": 7
    },
    "swapped_authors": {
      "detection_rate": 1.0,
      "false_positive_rate": 0.0,
      "f1": 1.0,
      "count": 3
    },
    "valid": {
      "detection_rate": 0.0,
      "false_positive_rate": 0.7699386503067485,
      "f1": 0.0,
      "count": 330
    },
    "wrong_venue": {
      "detection_rate": 0.8888888888888888,
      "false_positive_rate": 0.0,
      "f1": 0.9411764705882353,
      "count": 9
    }
  },
  "coverage": 0.9333333333333333,
  "coverage_adjusted_f1": 0.4890528905289053
}
