{
  "tool_name": "llm_openrouter_claude_sonnet_4_6_cutoff_aware",
  "split_name": "temporal_2024_2025",
  "num_entries": 448,
  "num_hallucinated": 148,
  "num_valid": 300,
  "detection_rate": 0.9459459459459459,
  "false_positive_rate": 0.18584070796460178,
  "f1_hallucination": 0.8484848484848485,
  "tier_weighted_f1": 0.8939130434782608,
  "mcc": 0.7436566985687483,
  "macro_f1": 0.8644338118022329,
  "union_recall_at_k": {},
  "temporal_robustness": null,
  "cost_efficiency": 0.0935133395308948,
  "mean_api_calls": 1.0,
  "ece": 0.11919786096256686,
  "auroc": 0.9571872757713465,
  "auprc": 0.9540535085686502,
  "num_uncertain": 74,
  "tier3_f1": 0.608695652173913,
  "detection_rate_ci": null,
  "f1_hallucination_ci": null,
  "tier_weighted_f1_ci": null,
  "fpr_ci": null,
  "ece_ci": null,
  "mcc_ci": null,
  "tier3_f1_ci": null,
  "per_tier_metrics": {
    "1": {
      "detection_rate": 1.0,
      "false_positive_rate": 0.18584070796460178,
      "f1": 0.7341772151898733,
      "precision": 0.58,
      "num_hallucinated": 58,
      "num_valid": 300
    },
    "2": {
      "detection_rate": 0.9038461538461539,
      "false_positive_rate": 0.18584070796460178,
      "f1": 0.6666666666666666,
      "precision": 0.5280898876404494,
      "num_hallucinated": 52,
      "num_valid": 300
    },
    "3": {
      "detection_rate": 0.9210526315789473,
      "false_positive_rate": 0.18584070796460178,
      "f1": 0.608695652173913,
      "precision": 0.45454545454545453,
      "num_hallucinated": 38,
      "num_valid": 300
    }
  },
  "per_type_metrics": {
    "arxiv_version_mismatch": {
      "detection_rate": 1.0,
      "false_positive_rate": 0.0,
      "f1": 1.0,
      "count": 17
    },
    "chimeric_title": {
      "detection_rate": 1.0,
      "false_positive_rate": 0.0,
      "f1": 1.0,
      "count": 9
    },
    "fabricated_doi": {
      "detection_rate": 1.0,
      "false_positive_rate": 0.0,
      "f1": 1.0,
      "count": 10
    },
    "future_date": {
      "detection_rate": 1.0,
      "false_positive_rate": 0.0,
      "f1": 1.0,
      "count": 18
    },
    "hybrid_fabrication": {
      "detection_rate": 1.0,
      "false_positive_rate": 0.0,
      "f1": 1.0,
      "count": 14
    },
    "merged_citation": {
      "detection_rate": 1.0,
      "false_positive_rate": 0.0,
      "f1": 1.0,
      "count": 1
    },
    "near_miss_title": {
      "detection_rate": 0.7,
      "false_positive_rate": 0.0,
      "f1": 0.8235294117647058,
      "count": 10
    },
    "nonexistent_venue": {
      "detection_rate": 1.0,
      "false_positive_rate": 0.0,
      "f1": 1.0,
      "count": 12
    },
    "partial_author_list": {
      "detection_rate": 0.5555555555555556,
      "false_positive_rate": 0.0,
      "f1": 0.7142857142857143,
      "count": 9
    },
    "placeholder_authors": {
      "detection_rate": 1.0,
      "false_positive_rate": 0.0,
      "f1": 1.0,
      "count": 18
    },
    "plausible_fabrication": {
      "detection_rate": 1.0,
      "false_positive_rate": 0.0,
      "f1": 1.0,
      "count": 11
    },
    "preprint_as_published": {
      "detection_rate": 0.8571428571428571,
      "false_positive_rate": 0.0,
      "f1": 0.923076923076923,
      "count": 7
    },
    "swapped_authors": {
      "detection_rate": 1.0,
      "false_positive_rate": 0.0,
      "f1": 1.0,
      "count": 3
    },
    "valid": {
      "detection_rate": 0.0,
      "false_positive_rate": 0.18584070796460178,
      "f1": 0.0,
      "count": 300
    },
    "wrong_venue": {
      "detection_rate": 1.0,
      "false_positive_rate": 0.0,
      "f1": 1.0,
      "count": 9
    }
  },
  "coverage": 1.0,
  "coverage_adjusted_f1": 0.8484848484848485,
  "type_accuracy": {
    "overall": 0.5357142857142857,
    "main_types_only": 0.5982905982905983,
    "stress_test_only": 0.21739130434782608,
    "num_evaluated": 140.0,
    "num_correct": 75.0,
    "tier_1": 0.5517241379310345,
    "tier_2": 0.574468085106383,
    "tier_3": 0.45714285714285713
  },
  "type_confusion": {
    "fabricated_doi": {
      "fabricated_doi": 10,
      "nonexistent_venue": 0,
      "placeholder_authors": 0,
      "future_date": 0,
      "chimeric_title": 0,
      "wrong_venue": 0,
      "swapped_authors": 0,
      "preprint_as_published": 0,
      "hybrid_fabrication": 0,
      "near_miss_title": 0,
      "plausible_fabrication": 0,
      "merged_citation": 0,
      "partial_author_list": 0,
      "arxiv_version_mismatch": 0,
      "VALID": 0,
      "UNCERTAIN": 0,
      "HALLUCINATED_unknown": 0
    },
    "nonexistent_venue": {
      "fabricated_doi": 0,
      "nonexistent_venue": 4,
      "placeholder_authors": 0,
      "future_date": 0,
      "chimeric_title": 0,
      "wrong_venue": 8,
      "swapped_authors": 0,
      "preprint_as_published": 0,
      "hybrid_fabrication": 0,
      "near_miss_title": 0,
      "plausible_fabrication": 0,
      "merged_citation": 0,
      "partial_author_list": 0,
      "arxiv_version_mismatch": 0,
      "VALID": 0,
      "UNCERTAIN": 0,
      "HALLUCINATED_unknown": 0
    },
    "placeholder_authors": {
      "fabricated_doi": 2,
      "nonexistent_venue": 0,
      "placeholder_authors": 0,
      "future_date": 0,
      "chimeric_title": 0,
      "wrong_venue": 0,
      "swapped_authors": 10,
      "preprint_as_published": 0,
      "hybrid_fabrication": 1,
      "near_miss_title": 0,
      "plausible_fabrication": 5,
      "merged_citation": 0,
      "partial_author_list": 0,
      "arxiv_version_mismatch": 0,
      "VALID": 0,
      "UNCERTAIN": 0,
      "HALLUCINATED_unknown": 0
    },
    "future_date": {
      "fabricated_doi": 0,
      "nonexistent_venue": 0,
      "placeholder_authors": 0,
      "future_date": 18,
      "chimeric_title": 0,
      "wrong_venue": 0,
      "swapped_authors": 0,
      "preprint_as_published": 0,
      "hybrid_fabrication": 0,
      "near_miss_title": 0,
      "plausible_fabrication": 0,
      "merged_citation": 0,
      "partial_author_list": 0,
      "arxiv_version_mismatch": 0,
      "VALID": 0,
      "UNCERTAIN": 0,
      "HALLUCINATED_unknown": 0
    },
    "chimeric_title": {
      "fabricated_doi": 0,
      "nonexistent_venue": 0,
      "placeholder_authors": 0,
      "future_date": 0,
      "chimeric_title": 7,
      "wrong_venue": 0,
      "swapped_authors": 0,
      "preprint_as_published": 0,
      "hybrid_fabrication": 2,
      "near_miss_title": 0,
      "plausible_fabrication": 0,
      "merged_citation": 0,
      "partial_author_list": 0,
      "arxiv_version_mismatch": 0,
      "VALID": 0,
      "UNCERTAIN": 0,
      "HALLUCINATED_unknown": 0
    },
    "wrong_venue": {
      "fabricated_doi": 0,
      "nonexistent_venue": 0,
      "placeholder_authors": 0,
      "future_date": 0,
      "chimeric_title": 0,
      "wrong_venue": 9,
      "swapped_authors": 0,
      "preprint_as_published": 0,
      "hybrid_fabrication": 0,
      "near_miss_title": 0,
      "plausible_fabrication": 0,
      "merged_citation": 0,
      "partial_author_list": 0,
      "arxiv_version_mismatch": 0,
      "VALID": 0,
      "UNCERTAIN": 0,
      "HALLUCINATED_unknown": 0
    },
    "swapped_authors": {
      "fabricated_doi": 0,
      "nonexistent_venue": 0,
      "placeholder_authors": 0,
      "future_date": 0,
      "chimeric_title": 0,
      "wrong_venue": 0,
      "swapped_authors": 3,
      "preprint_as_published": 0,
      "hybrid_fabrication": 0,
      "near_miss_title": 0,
      "plausible_fabrication": 0,
      "merged_citation": 0,
      "partial_author_list": 0,
      "arxiv_version_mismatch": 0,
      "VALID": 0,
      "UNCERTAIN": 0,
      "HALLUCINATED_unknown": 0
    },
    "preprint_as_published": {
      "fabricated_doi": 0,
      "nonexistent_venue": 0,
      "placeholder_authors": 0,
      "future_date": 0,
      "chimeric_title": 0,
      "wrong_venue": 4,
      "swapped_authors": 0,
      "preprint_as_published": 2,
      "hybrid_fabrication": 0,
      "near_miss_title": 0,
      "plausible_fabrication": 0,