{
  "tool_name": "llm_openrouter_gemini_flash_cutoff_aware",
  "split_name": "temporal_2024_2025",
  "num_entries": 448,
  "num_hallucinated": 148,
  "num_valid": 300,
  "detection_rate": 0.7954545454545454,
  "false_positive_rate": 0.46956521739130436,
  "f1_hallucination": 0.6086956521739131,
  "tier_weighted_f1": 0.688212927756654,
  "mcc": 0.3187411142392399,
  "macro_f1": 0.6262475622347139,
  "union_recall_at_k": {},
  "temporal_robustness": null,
  "cost_efficiency": 0.47217579401480697,
  "mean_api_calls": 1.0,
  "ece": 0.27196132596685085,
  "auroc": 0.6911561264822134,
  "auprc": 0.5010574452024888,
  "num_uncertain": 86,
  "tier3_f1": 0.2784810126582279,
  "detection_rate_ci": null,
  "f1_hallucination_ci": null,
  "tier_weighted_f1_ci": null,
  "fpr_ci": null,
  "ece_ci": null,
  "mcc_ci": null,
  "tier3_f1_ci": null,
  "per_tier_metrics": {
    "1": {
      "detection_rate": 0.9272727272727272,
      "false_positive_rate": 0.46956521739130436,
      "f1": 0.47663551401869164,
      "precision": 0.32075471698113206,
      "num_hallucinated": 58,
      "num_valid": 300
    },
    "2": {
      "detection_rate": 0.6530612244897959,
      "false_positive_rate": 0.46956521739130436,
      "f1": 0.3386243386243386,
      "precision": 0.22857142857142856,
      "num_hallucinated": 52,
      "num_valid": 300
    },
    "3": {
      "detection_rate": 0.7857142857142857,
      "false_positive_rate": 0.46956521739130436,
      "f1": 0.2784810126582279,
      "precision": 0.16923076923076924,
      "num_hallucinated": 38,
      "num_valid": 300
    }
  },
  "per_type_metrics": {
    "arxiv_version_mismatch": {
      "detection_rate": 0.7142857142857143,
      "false_positive_rate": 0.0,
      "f1": 0.8333333333333333,
      "count": 17
    },
    "chimeric_title": {
      "detection_rate": 0.5555555555555556,
      "false_positive_rate": 0.0,
      "f1": 0.7142857142857143,
      "count": 9
    },
    "fabricated_doi": {
      "detection_rate": 0.8888888888888888,
      "false_positive_rate": 0.0,
      "f1": 0.9411764705882353,
      "count": 10
    },
    "future_date": {
      "detection_rate": 1.0,
      "false_positive_rate": 0.0,
      "f1": 1.0,
      "count": 18
    },
    "hybrid_fabrication": {
      "detection_rate": 0.9285714285714286,
      "false_positive_rate": 0.0,
      "f1": 0.962962962962963,
      "count": 14
    },
    "merged_citation": {
      "detection_rate": 0.0,
      "false_positive_rate": 0.0,
      "f1": 0.0,
      "count": 1
    },
    "near_miss_title": {
      "detection_rate": 0.6666666666666666,
      "false_positive_rate": 0.0,
      "f1": 0.8,
      "count": 10
    },
    "nonexistent_venue": {
      "detection_rate": 0.9166666666666666,
      "false_positive_rate": 0.0,
      "f1": 0.9565217391304348,
      "count": 12
    },
    "partial_author_list": {
      "detection_rate": 0.375,
      "false_positive_rate": 0.0,
      "f1": 0.5454545454545454,
      "count": 9
    },
    "placeholder_authors": {
      "detection_rate": 0.875,
      "false_positive_rate": 0.0,
      "f1": 0.9333333333333333,
      "count": 18
    },
    "plausible_fabrication": {
      "detection_rate": 1.0,
      "false_positive_rate": 0.0,
      "f1": 1.0,
      "count": 11
    },
    "preprint_as_published": {
      "detection_rate": 0.42857142857142855,
      "false_positive_rate": 0.0,
      "f1": 0.6,
      "count": 7
    },
    "swapped_authors": {
      "detection_rate": 0.5,
      "false_positive_rate": 0.0,
      "f1": 0.6666666666666666,
      "count": 3
    },
    "valid": {
      "detection_rate": 0.0,
      "false_positive_rate": 0.46956521739130436,
      "f1": 0.0,
      "count": 300
    },
    "wrong_venue": {
      "detection_rate": 0.875,
      "false_positive_rate": 0.0,
      "f1": 0.9333333333333333,
      "count": 9
    }
  },
  "coverage": 1.0,
  "coverage_adjusted_f1": 0.6086956521739131
}
