{
  "tool_name": "llm_openrouter_gemini_pro",
  "split_name": "dev_public",
  "num_entries": 1119,
  "num_hallucinated": 633,
  "num_valid": 486,
  "detection_rate": 0.4555921052631579,
  "false_positive_rate": 0.052742616033755275,
  "f1_hallucination": 0.6087912087912088,
  "tier_weighted_f1": 0.5871254162042175,
  "mcc": 0.4455875060047533,
  "macro_f1": 0.6624498308708835,
  "union_recall_at_k": {},
  "temporal_robustness": null,
  "cost_efficiency": 0.08682568167733094,
  "mean_api_calls": 1.0,
  "ece": 0.3212292051756008,
  "auroc": 0.7402686403508771,
  "auprc": 0.7572284890464849,
  "num_uncertain": 37,
  "tier3_f1": 0.5602836879432623,
  "detection_rate_ci": null,
  "f1_hallucination_ci": null,
  "tier_weighted_f1_ci": null,
  "fpr_ci": null,
  "ece_ci": null,
  "mcc_ci": null,
  "tier3_f1_ci": null,
  "per_tier_metrics": {
    "1": {
      "detection_rate": 0.7123287671232876,
      "false_positive_rate": 0.052742616033755275,
      "f1": 0.7563636363636363,
      "precision": 0.8062015503875969,
      "num_hallucinated": 154,
      "num_valid": 486
    },
    "2": {
      "detection_rate": 0.33098591549295775,
      "false_positive_rate": 0.052742616033755275,
      "f1": 0.46650124069478904,
      "precision": 0.7899159663865546,
      "num_hallucinated": 292,
      "num_valid": 486
    },
    "3": {
      "detection_rate": 0.4438202247191011,
      "false_positive_rate": 0.052742616033755275,
      "f1": 0.5602836879432623,
      "precision": 0.7596153846153846,
      "num_hallucinated": 187,
      "num_valid": 486
    }
  },
  "per_type_metrics": {
    "arxiv_version_mismatch": {
      "detection_rate": 0.5185185185185185,
      "false_positive_rate": 0.0,
      "f1": 0.6829268292682926,
      "count": 30
    },
    "chimeric_title": {
      "detection_rate": 0.625,
      "false_positive_rate": 0.0,
      "f1": 0.7692307692307693,
      "count": 43
    },
    "fabricated_doi": {
      "detection_rate": 0.7027027027027027,
      "false_positive_rate": 0.0,
      "f1": 0.8253968253968255,
      "count": 39
    },
    "future_date": {
      "detection_rate": 0.8571428571428571,
      "false_positive_rate": 0.0,
      "f1": 0.923076923076923,
      "count": 30
    },
    "hybrid_fabrication": {
      "detection_rate": 0.5777777777777777,
      "false_positive_rate": 0.0,
      "f1": 0.732394366197183,
      "count": 45
    },
    "merged_citation": {
      "detection_rate": 0.4444444444444444,
      "false_positive_rate": 0.0,
      "f1": 0.6153846153846153,
      "count": 30
    },
    "near_miss_title": {
      "detection_rate": 0.2,
      "false_positive_rate": 0.0,
      "f1": 0.33333333333333337,
      "count": 41
    },
    "nonexistent_venue": {
      "detection_rate": 0.5555555555555556,
      "false_positive_rate": 0.0,
      "f1": 0.7142857142857143,
      "count": 40
    },
    "partial_author_list": {
      "detection_rate": 0.0,
      "false_positive_rate": 0.0,
      "f1": 0.0,
      "count": 30
    },
    "placeholder_authors": {
      "detection_rate": 0.7555555555555555,
      "false_positive_rate": 0.0,
      "f1": 0.8607594936708861,
      "count": 45
    },
    "plausible_fabrication": {
      "detection_rate": 0.5135135135135135,
      "false_positive_rate": 0.0,
      "f1": 0.6785714285714285,
      "count": 116
    },
    "preprint_as_published": {
      "detection_rate": 0.1,
      "false_positive_rate": 0.0,
      "f1": 0.18181818181818182,
      "count": 31
    },
    "swapped_authors": {
      "detection_rate": 0.16417910447761194,
      "false_positive_rate": 0.0,
      "f1": 0.28205128205128205,
      "count": 67
    },
    "valid": {
      "detection_rate": 0.0,
      "false_positive_rate": 0.052742616033755275,
      "f1": 0.0,
      "count": 486
    },
    "wrong_venue": {
      "detection_rate": 0.37777777777777777,
      "false_positive_rate": 0.0,
      "f1": 0.5483870967741935,
      "count": 46
    }
  },
  "coverage": 1.0,
  "coverage_adjusted_f1": 0.6087912087912088
}
