{
  "tool_name": "llm_openai_gpt54_cutoff_aware",
  "split_name": "temporal_2024_2025",
  "num_entries": 448,
  "num_hallucinated": 148,
  "num_valid": 300,
  "detection_rate": 0.8986486486486487,
  "false_positive_rate": 0.41333333333333333,
  "f1_hallucination": 0.6567901234567902,
  "tier_weighted_f1": 0.75,
  "mcc": 0.46156432750300114,
  "macro_f1": 0.6868472002212669,
  "union_recall_at_k": {},
  "temporal_robustness": null,
  "cost_efficiency": 0.3634605389182423,
  "mean_api_calls": 1.0,
  "ece": 0.2691517857142858,
  "auroc": 0.8954279279279279,
  "auprc": 0.8474948615914922,
  "num_uncertain": 0,
  "tier3_f1": 0.32989690721649484,
  "detection_rate_ci": null,
  "f1_hallucination_ci": null,
  "tier_weighted_f1_ci": null,
  "fpr_ci": null,
  "ece_ci": null,
  "mcc_ci": null,
  "tier3_f1_ci": null,
  "per_tier_metrics": {
    "1": {
      "detection_rate": 1.0,
      "false_positive_rate": 0.41333333333333333,
      "f1": 0.4833333333333333,
      "precision": 0.31868131868131866,
      "num_hallucinated": 58,
      "num_valid": 300
    },
    "2": {
      "detection_rate": 0.8269230769230769,
      "false_positive_rate": 0.41333333333333333,
      "f1": 0.3926940639269406,
      "precision": 0.25748502994011974,
      "num_hallucinated": 52,
      "num_valid": 300
    },
    "3": {
      "detection_rate": 0.8421052631578947,
      "false_positive_rate": 0.41333333333333333,
      "f1": 0.32989690721649484,
      "precision": 0.20512820512820512,
      "num_hallucinated": 38,
      "num_valid": 300
    }
  },
  "per_type_metrics": {
    "arxiv_version_mismatch": {
      "detection_rate": 0.8823529411764706,
      "false_positive_rate": 0.0,
      "f1": 0.9375,
      "count": 17
    },
    "chimeric_title": {
      "detection_rate": 0.8888888888888888,
      "false_positive_rate": 0.0,
      "f1": 0.9411764705882353,
      "count": 9
    },
    "fabricated_doi": {
      "detection_rate": 1.0,
      "false_positive_rate": 0.0,
      "f1": 1.0,
      "count": 10
    },
    "future_date": {
      "detection_rate": 1.0,
      "false_positive_rate": 0.0,
      "f1": 1.0,
      "count": 18
    },
    "hybrid_fabrication": {
      "detection_rate": 0.9285714285714286,
      "false_positive_rate": 0.0,
      "f1": 0.962962962962963,
      "count": 14
    },
    "merged_citation": {
      "detection_rate": 1.0,
      "false_positive_rate": 0.0,
      "f1": 1.0,
      "count": 1
    },
    "near_miss_title": {
      "detection_rate": 0.6,
      "false_positive_rate": 0.0,
      "f1": 0.7499999999999999,
      "count": 10
    },
    "nonexistent_venue": {
      "detection_rate": 1.0,
      "false_positive_rate": 0.0,
      "f1": 1.0,
      "count": 12
    },
    "partial_author_list": {
      "detection_rate": 0.5555555555555556,
      "false_positive_rate": 0.0,
      "f1": 0.7142857142857143,
      "count": 9
    },
    "placeholder_authors": {
      "detection_rate": 1.0,
      "false_positive_rate": 0.0,
      "f1": 1.0,
      "count": 18
    },
    "plausible_fabrication": {
      "detection_rate": 1.0,
      "false_positive_rate": 0.0,
      "f1": 1.0,
      "count": 11
    },
    "preprint_as_published": {
      "detection_rate": 0.7142857142857143,
      "false_positive_rate": 0.0,
      "f1": 0.8333333333333333,
      "count": 7
    },
    "swapped_authors": {
      "detection_rate": 0.6666666666666666,
      "false_positive_rate": 0.0,
      "f1": 0.8,
      "count": 3
    },
    "valid": {
      "detection_rate": 0.0,
      "false_positive_rate": 0.41333333333333333,
      "f1": 0.0,
      "count": 300
    },
    "wrong_venue": {
      "detection_rate": 1.0,
      "false_positive_rate": 0.0,
      "f1": 1.0,
      "count": 9
    }
  },
  "coverage": 1.0,
  "coverage_adjusted_f1": 0.6567901234567902
}
