{
  "tool": "bibtexupdater",
  "split": "walters_wilder_chatgpt_citations",
  "n_entries": 341,
  "coverage": 1.0,
  "overall": {
    "detection_rate": 0.9704142011834319,
    "false_positive_rate": 0.14534883720930233,
    "f1_hallucination": 0.9162011173184357,
    "tier_weighted_f1": 0.9627391742195368,
    "ece": 0.20582050439882693,
    "num_uncertain": 0,
    "detection_rate_ci": [
      0.9467455621301775,
      0.9940828402366864
    ],
    "fpr_ci": [
      0.09302325581395349,
      0.19767441860465115
    ]
  },
  "per_tier": {
    "2": {
      "detection_rate": 0.8235294117647058,
      "false_positive_rate": 0.14534883720930233,
      "f1": 0.5,
      "precision": 0.358974358974359,
      "num_hallucinated": 17,
      "num_valid": 172
    },
    "3": {
      "detection_rate": 0.9868421052631579,
      "false_positive_rate": 0.14534883720930233,
      "f1": 0.9174311926605504,
      "precision": 0.8571428571428571,
      "num_hallucinated": 152,
      "num_valid": 172
    }
  },
  "per_type": {
    "near_miss_title": {
      "detection_rate": 0.8461538461538461,
      "false_positive_rate": 0.0,
      "f1": 0.9166666666666666,
      "count": 13,
      "dr_ci_lower": 0.5776482949136899,
      "dr_ci_upper": 0.9567427368172621
    },
    "plausible_fabrication": {
      "detection_rate": 1.0,
      "false_positive_rate": 0.0,
      "f1": 1.0,
      "count": 139,
      "dr_ci_lower": 0.9731058739190823,
      "dr_ci_upper": 1.0
    },
    "swapped_authors": {
      "detection_rate": 0.75,
      "false_positive_rate": 0.0,
      "f1": 0.8571428571428571,
      "count": 12,
      "dr_ci_lower": 0.46768966087934005,
      "dr_ci_upper": 0.9110599603710386
    },
    "valid": {
      "detection_rate": 0.0,
      "false_positive_rate": 0.14534883720930233,
      "f1": 0.0,
      "count": 172,
      "dr_ci_lower": 0.0,
      "dr_ci_upper": 0.0
    },
    "wrong_venue": {
      "detection_rate": 1.0,
      "false_positive_rate": 0.0,
      "f1": 1.0,
      "count": 5,
      "dr_ci_lower": 0.5655085052479191,
      "dr_ci_upper": 1.0
    }
  },
  "by_gpt_version": {
    "3.5": {
      "n": 119,
      "detection_rate": 0.99,
      "fpr": 0.05263157894736842,
      "cm": [
        99,
        1,
        1,
        18
      ]
    },
    "4": {
      "n": 222,
      "detection_rate": 0.9420289855072463,
      "fpr": 0.1568627450980392,
      "cm": [
        65,
        4,
        24,
        129
      ]
    }
  },
  "by_subject_field": {
    "Humanities": {
      "n": 24,
      "detection_rate": 1.0,
      "fpr": 0.0,
      "cm": [
        17,
        0,
        0,
        7
      ]
    },
    "Natural sciences": {
      "n": 103,
      "detection_rate": 0.9565217391304348,
      "fpr": 0.21052631578947367,
      "cm": [
        44,
        2,
        12,
        45
      ]
    },
    "Social sciences": {
      "n": 214,
      "detection_rate": 0.9716981132075472,
      "fpr": 0.12037037037037036,
      "cm": [
        103,
        3,
        13,
        95
      ]
    }
  },
  "status_distribution": {
    "partial_match": 108,
    "verified": 104,
    "unconfirmed": 48,
    "not_found": 34,
    "author_truncated": 18,
    "title_mismatch": 13,
    "author_mismatch": 8,
    "venue_mismatch": 4,
    "year_mismatch": 3,
    "hallucinated": 1
  },
  "confusion_all": [
    164,
    5,
    25,
    147
  ],
  "false_positives": [
    [
      "ww_35_t23_c2301",
      "venue_mismatch",
      "Managing cultural diversity: Implications for organizational competitiveness"
    ],
    [
      "ww_4_t9_c909",
      "title_mismatch",
      "Retirement migration counties in the southeastern United States: Geographic, demographic, and economic correlates"
    ],
    [
      "ww_4_t10_c1010",
      "author_truncated",
      "Estimating the effect of the one-child policy on the sex ratio imbalance in China: identification based on the difference-in-differences"
    ],
    [
      "ww_4_t10_c1014",
      "author_mismatch",
      "Options for fertility policy transition in China"
    ],
    [
      "ww_4_t17_c1706",
      "partial_match",
      "Will shift to remote teaching be boon or bane for online learning?"
    ],
    [
      "ww_4_t17_c1708",
      "author_truncated",
      "Student perception of helpfulness of facilitation strategies that enhance instructor presence, connectedness, engagement and learning in online courses"
    ],
    [
      "ww_4_t19_c1902",
      "author_truncated",
      "The impact of the National School Lunch Program on child health: A nonparametric bounds analysis"
    ],
    [
      "ww_4_t21_c2104",
      "author_truncated",
      "On the validity of student evaluation of teaching: The state of the art"
    ],
    [
      "ww_4_t23_c2301",
      "author_truncated",
      "Context and leadership: an examination of the nine-factor full-range leadership theory using the Multifactor Leadership Questionnaire"
    ],
    [
      "ww_4_t23_c2309",
      "title_mismatch",
      "Leadership skills for a changing world: Solving complex social problems"
    ],
    [
      "ww_4_t29_c2906",
      "author_truncated",
      "Factors associated with home advantage in English and Scottish soccer matches"
    ],
    [
      "ww_4_t29_c2908",
      "title_mismatch",
      "Does the home advantage depend on the crowd support? Evidence from same-stadium derbies"
    ],
    [
      "ww_4_t32_c3203",
      "author_truncated",
      "Psychological testing and the selection of police officers: A national survey"
    ],
    [
      "ww_4_t34_c3402",
      "title_mismatch",
      "The potential role of dentists in identifying patients' risk of experiencing coronary heart disease events"
    ],
    [
      "ww_4_t34_c3403",
      "year_mismatch",
      "Periodontal disease and atherosclerotic vascular disease: Does the evidence support an independent association? A scientific statement from the American Heart Association"
    ],
    [
      "ww_4_t35_c3501",
      "author_truncated",
      "The effect of tobacco ingredients on smoke chemistry, Part I: flavourings and additives"
    ],
    [
      "ww_4_t35_c3505",
      "author_truncated",
      "Levels of selected carcinogens and toxicants in vapour from electronic cigarettes"
    ],
    [
      "ww_4_t36_c3603",
      "title_mismatch",
      "Insomnia in primary care: Misreported, mishandled, and just plain missed"
    ],
    [
      "ww_4_t36_c3605",
      "not_found",
      "Medical and socio-professional impact of insomnia"
    ],
    [
      "ww_4_t37_c3710",
      "author_truncated",
      "Reintroducing resurrected species: Selecting DeExtinction candidates"
    ],
    [
      "ww_4_t37_c3711",
      "title_mismatch",
      "Mammoth 2.0: will genome editing resurrect extinct species?"
    ],
    [
      "ww_4_t38_c3804",
      "author_truncated",
      "Four decades of forest persistence, clearance and logging on Borneo"
    ],
    [
      "ww_4_t39_c3901",
      "partial_match",
      "Human alteration of the global nitrogen and phosphorus soil balances for the period 1970-2050"
    ],
    [
      "ww_4_t40_c4007",
      "author_mismatch",
      "Comparative environmental life cycle assessment of conventional and electric vehicles"
    ],
    [
      "ww_4_t41_c4107",
      "author_truncated",
      "Adaptation to flood risk: Results of international paired flood event studies"
    ]
  ],