{
  "tool_name": "llm_openrouter_claude_sonnet_4_6_cutoff_aware",
  "split_name": "temporal_2024_2025",
  "num_entries": 150,
  "num_hallucinated": 75,
  "num_valid": 75,
  "detection_rate": 0.8428571428571429,
  "false_positive_rate": 0.13432835820895522,
  "f1_hallucination": 0.855072463768116,
  "tier_weighted_f1": 0.8692307692307691,
  "mcc": 0.7083777607128372,
  "macro_f1": 0.854006820119352,
  "union_recall_at_k": {},
  "temporal_robustness": null,
  "cost_efficiency": 0.15332011416901614,
  "mean_api_calls": 1.0,
  "ece": 0.08598540145985399,
  "auroc": 0.9160980810234541,
  "auprc": 0.9243473974848173,
  "num_uncertain": 13,
  "tier3_f1": 0.6666666666666666,
  "detection_rate_ci": null,
  "f1_hallucination_ci": null,
  "tier_weighted_f1_ci": null,
  "fpr_ci": null,
  "ece_ci": null,
  "mcc_ci": null,
  "tier3_f1_ci": null,
  "per_tier_metrics": {
    "1": {
      "detection_rate": 1.0,
      "false_positive_rate": 0.13432835820895522,
      "f1": 0.7906976744186047,
      "precision": 0.6538461538461539,
      "num_hallucinated": 17,
      "num_valid": 75
    },
    "2": {
      "detection_rate": 0.7894736842105263,
      "false_positive_rate": 0.13432835820895522,
      "f1": 0.7792207792207793,
      "precision": 0.7692307692307693,
      "num_hallucinated": 41,
      "num_valid": 75
    },
    "3": {
      "detection_rate": 0.8,
      "false_positive_rate": 0.13432835820895522,
      "f1": 0.6666666666666666,
      "precision": 0.5714285714285714,
      "num_hallucinated": 17,
      "num_valid": 75
    }
  },
  "per_type_metrics": {
    "arxiv_version_mismatch": {
      "detection_rate": 1.0,
      "false_positive_rate": 0.0,
      "f1": 1.0,
      "count": 3
    },
    "chimeric_title": {
      "detection_rate": 1.0,
      "false_positive_rate": 0.0,
      "f1": 1.0,
      "count": 5
    },
    "fabricated_doi": {
      "detection_rate": 1.0,
      "false_positive_rate": 0.0,
      "f1": 1.0,
      "count": 6
    },
    "future_date": {
      "detection_rate": 1.0,
      "false_positive_rate": 0.0,
      "f1": 1.0,
      "count": 1
    },
    "hybrid_fabrication": {
      "detection_rate": 0.75,
      "false_positive_rate": 0.0,
      "f1": 0.8571428571428571,
      "count": 4
    },
    "merged_citation": {
      "detection_rate": 1.0,
      "false_positive_rate": 0.0,
      "f1": 1.0,
      "count": 6
    },
    "near_miss_title": {
      "detection_rate": 0.3333333333333333,
      "false_positive_rate": 0.0,
      "f1": 0.5,
      "count": 4
    },
    "nonexistent_venue": {
      "detection_rate": 1.0,
      "false_positive_rate": 0.0,
      "f1": 1.0,
      "count": 6
    },
    "partial_author_list": {
      "detection_rate": 0.0,
      "false_positive_rate": 0.0,
      "f1": 0.0,
      "count": 8
    },
    "placeholder_authors": {
      "detection_rate": 1.0,
      "false_positive_rate": 0.0,
      "f1": 1.0,
      "count": 4
    },
    "plausible_fabrication": {
      "detection_rate": 0.8888888888888888,
      "false_positive_rate": 0.0,
      "f1": 0.9411764705882353,
      "count": 10
    },
    "preprint_as_published": {
      "detection_rate": 1.0,
      "false_positive_rate": 0.0,
      "f1": 1.0,
      "count": 3
    },
    "swapped_authors": {
      "detection_rate": 0.8,
      "false_positive_rate": 0.0,
      "f1": 0.888888888888889,
      "count": 10
    },
    "valid": {
      "detection_rate": 0.0,
      "false_positive_rate": 0.13432835820895522,
      "f1": 0.0,
      "count": 75
    },
    "wrong_venue": {
      "detection_rate": 1.0,
      "false_positive_rate": 0.0,
      "f1": 1.0,
      "count": 5
    }
  },
  "coverage": 1.0,
  "coverage_adjusted_f1": 0.855072463768116,
  "type_accuracy": {
    "overall": 0.3050847457627119,
    "main_types_only": 0.36,
    "stress_test_only": 0.0,
    "num_evaluated": 59.0,
    "num_correct": 18.0,
    "tier_1": 0.5294117647058824,
    "tier_2": 0.23333333333333334,
    "tier_3": 0.16666666666666666
  },
  "type_confusion": {
    "fabricated_doi": {
      "fabricated_doi": 6,
      "nonexistent_venue": 0,
      "placeholder_authors": 0,
      "future_date": 0,
      "chimeric_title": 0,
      "wrong_venue": 0,
      "swapped_authors": 0,
      "preprint_as_published": 0,
      "hybrid_fabrication": 0,
      "near_miss_title": 0,
      "plausible_fabrication": 0,
      "merged_citation": 0,
      "partial_author_list": 0,
      "arxiv_version_mismatch": 0,
      "VALID": 0,
      "UNCERTAIN": 0,
      "HALLUCINATED_unknown": 0
    },
    "nonexistent_venue": {
      "fabricated_doi": 0,
      "nonexistent_venue": 2,
      "placeholder_authors": 0,
      "future_date": 0,
      "chimeric_title": 0,
      "wrong_venue": 4,
      "swapped_authors": 0,
      "preprint_as_published": 0,
      "hybrid_fabrication": 0,
      "near_miss_title": 0,
      "plausible_fabrication": 0,
      "merged_citation": 0,
      "partial_author_list": 0,
      "arxiv_version_mismatch": 0,
      "VALID": 0,
      "UNCERTAIN": 0,
      "HALLUCINATED_unknown": 0
    },
    "placeholder_authors": {
      "fabricated_doi": 0,
      "nonexistent_venue": 0,
      "placeholder_authors": 0,
      "future_date": 0,
      "chimeric_title": 0,
      "wrong_venue": 0,
      "swapped_authors": 3,
      "preprint_as_published": 0,
      "hybrid_fabrication": 0,
      "near_miss_title": 0,
      "plausible_fabrication": 0,
      "merged_citation": 0,
      "partial_author_list": 1,
      "arxiv_version_mismatch": 0,
      "VALID": 0,
      "UNCERTAIN": 0,
      "HALLUCINATED_unknown": 0
    },
    "future_date": {
      "fabricated_doi": 0,
      "nonexistent_venue": 0,
      "placeholder_authors": 0,
      "future_date": 1,
      "chimeric_title": 0,
      "wrong_venue": 0,
      "swapped_authors": 0,
      "preprint_as_published": 0,
      "hybrid_fabrication": 0,
      "near_miss_title": 0,
      "plausible_fabrication": 0,
      "merged_citation": 0,
      "partial_author_list": 0,
      "arxiv_version_mismatch": 0,
      "VALID": 0,
      "UNCERTAIN": 0,
      "HALLUCINATED_unknown": 0
    },
    "chimeric_title": {
      "fabricated_doi": 3,
      "nonexistent_venue": 0,
      "placeholder_authors": 0,
      "future_date": 0,
      "chimeric_title": 1,
      "wrong_venue": 0,
      "swapped_authors": 0,
      "preprint_as_published": 0,
      "hybrid_fabrication": 0,
      "near_miss_title": 0,
      "plausible_fabrication": 1,
      "merged_citation": 0,
      "partial_author_list": 0,
      "arxiv_version_mismatch": 0,
      "VALID": 0,
      "UNCERTAIN": 0,
      "HALLUCINATED_unknown": 0
    },
    "wrong_venue": {
      "fabricated_doi": 0,
      "nonexistent_venue": 0,
      "placeholder_authors": 0,
      "future_date": 0,
      "chimeric_title": 0,
      "wrong_venue": 4,
      "swapped_authors": 0,
      "preprint_as_published": 1,
      "hybrid_fabrication": 0,
      "near_miss_title": 0,
      "plausible_fabrication": 0,
      "merged_citation": 0,
      "partial_author_list": 0,
      "arxiv_version_mismatch": 0,
      "VALID": 0,
      "UNCERTAIN": 0,
      "HALLUCINATED_unknown": 0
    },
    "swapped_authors": {
      "fabricated_doi": 0,
      "nonexistent_venue": 0,
      "placeholder_authors": 0,
      "future_date": 0,
      "chimeric_title": 0,
      "wrong_venue": 1,
      "swapped_authors": 2,
      "preprint_as_published": 3,
      "hybrid_fabrication": 0,
      "near_miss_title": 0,
      "plausible_fabrication": 0,
      "merged_citation": 2,
      "partial_author_list": 0,
      "arxiv_version_mismatch": 0,
      "VALID": 2,
      "UNCERTAIN": 0,
      "HALLUCINATED_unknown": 0
    },
    "preprint_as_published": {
      "fabricated_doi": 0,
      "nonexistent_venue": 0,
      "placeholder_authors": 0,
      "future_date": 0,
      "chimeric_title": 0,
      "wrong_venue": 3,
      "swapped_authors": 0,
      "preprint_as_published": 0,
      "hybrid_fabrication": 0,
      "near_miss_title": 0,
      "plausible_fabrication": 0,
      "merged_citation": 0,