{
  "key": "llm_openrouter_claude_sonnet_4_6",
  "display": "Claude Sonnet 4.6",
  "model_id": "anthropic/claude-sonnet-4.6",
  "provider": "openrouter",
  "n": 500,
  "api_calls": 500,
  "predicted_label_dist": {
    "HALLUCINATED": 418,
    "VALID": 53,
    "UNCERTAIN": 29
  },
  "overall": {
    "tool_name": "llm_openrouter_claude_sonnet_4_6",
    "split_name": "test_crossdomain",
    "num_entries": 500,
    "num_hallucinated": 300,
    "num_valid": 200,
    "detection_rate": 0.9661016949152542,
    "false_positive_rate": 0.7556818181818182,
    "f1_hallucination": 0.7994389901823282,
    "tier_weighted_f1": 0.8769470404984423,
    "mcc": 0.32212766760740486,
    "macro_f1": 0.5874924208553562,
    "union_recall_at_k": {},
    "temporal_robustness": null,
    "cost_efficiency": 0.132683543167855,
    "mean_api_calls": 1.0,
    "ece": 0.1893630573248408,
    "auroc": 0.8206856702619416,
    "auprc": 0.8783480912000122,
    "num_uncertain": 29,
    "tier3_f1": 0.5140845070422535,
    "detection_rate_ci": null,
    "f1_hallucination_ci": null,
    "tier_weighted_f1_ci": null,
    "fpr_ci": null,
    "ece_ci": null,
    "mcc_ci": null,
    "tier3_f1_ci": null,
    "per_tier_metrics": {
      "1": {
        "detection_rate": 1.0,
        "false_positive_rate": 0.7556818181818182,
        "f1": 0.546075085324232,
        "precision": 0.3755868544600939,
        "num_hallucinated": 80,
        "num_valid": 200
      },
      "2": {
        "detection_rate": 0.9635036496350365,
        "false_positive_rate": 0.7556818181818182,
        "f1": 0.6567164179104478,
        "precision": 0.4981132075471698,
        "num_hallucinated": 140,
        "num_valid": 200
      },
      "3": {
        "detection_rate": 0.9358974358974359,
        "false_positive_rate": 0.7556818181818182,
        "f1": 0.5140845070422535,
        "precision": 0.35436893203883496,
        "num_hallucinated": 80,
        "num_valid": 200
      }
    },
    "per_type_metrics": {
      "arxiv_version_mismatch": {
        "detection_rate": 1.0,
        "false_positive_rate": 0.0,
        "f1": 1.0,
        "count": 27
      },
      "chimeric_title": {
        "detection_rate": 1.0,
        "false_positive_rate": 0.0,
        "f1": 1.0,
        "count": 17
      },
      "fabricated_doi": {
        "detection_rate": 1.0,
        "false_positive_rate": 0.0,
        "f1": 1.0,
        "count": 14
      },
      "future_date": {
        "detection_rate": 1.0,
        "false_positive_rate": 0.0,
        "f1": 1.0,
        "count": 25
      },
      "hybrid_fabrication": {
        "detection_rate": 1.0,
        "false_positive_rate": 0.0,
        "f1": 1.0,
        "count": 19
      },
      "merged_citation": {
        "detection_rate": 1.0,
        "false_positive_rate": 0.0,
        "f1": 1.0,
        "count": 18
      },
      "near_miss_title": {
        "detection_rate": 0.7619047619047619,
        "false_positive_rate": 0.0,
        "f1": 0.8648648648648648,
        "count": 23
      },
      "nonexistent_venue": {
        "detection_rate": 1.0,
        "false_positive_rate": 0.0,
        "f1": 1.0,
        "count": 16
      },
      "partial_author_list": {
        "detection_rate": 0.8181818181818182,
        "false_positive_rate": 0.0,
        "f1": 0.9,
        "count": 23
      },
      "placeholder_authors": {
        "detection_rate": 1.0,
        "false_positive_rate": 0.0,
        "f1": 1.0,
        "count": 25
      },
      "plausible_fabrication": {
        "detection_rate": 1.0,
        "false_positive_rate": 0.0,
        "f1": 1.0,
        "count": 30
      },
      "preprint_as_published": {
        "detection_rate": 1.0,
        "false_positive_rate": 0.0,
        "f1": 1.0,
        "count": 21
      },
      "swapped_authors": {
        "detection_rate": 0.9473684210526315,
        "false_positive_rate": 0.0,
        "f1": 0.972972972972973,
        "count": 20
      },
      "valid": {
        "detection_rate": 0.0,
        "false_positive_rate": 0.7556818181818182,
        "f1": 0.0,
        "count": 200
      },
      "wrong_venue": {
        "detection_rate": 1.0,
        "false_positive_rate": 0.0,
        "f1": 1.0,
        "count": 22
      }
    },
    "coverage": 1.0,
    "coverage_adjusted_f1": 0.7994389901823282,
    "type_accuracy": {
      "overall": 0.3192982456140351,
      "main_types_only": 0.3918918918918919,
      "stress_test_only": 0.06349206349206349,
      "num_evaluated": 285.0,
      "num_correct": 91.0,
      "tier_1": 0.4625,
      "tier_2": 0.22727272727272727,
      "tier_3": 0.3287671232876712
    },
    "type_confusion": {
      "fabricated_doi": {
        "fabricated_doi": 12,
        "nonexistent_venue": 0,
        "placeholder_authors": 0,
        "future_date": 0,
        "chimeric_title": 0,
        "wrong_venue": 1,
        "swapped_authors": 0,
        "preprint_as_published": 0,
        "hybrid_fabrication": 1,
        "near_miss_title": 0,
        "plausible_fabrication": 0,
        "merged_citation": 0,
        "partial_author_list": 0,
        "arxiv_version_mismatch": 0,
        "VALID": 0,
        "UNCERTAIN": 0,
        "HALLUCINATED_unknown": 0
      },
      "nonexistent_venue": {
        "fabricated_doi": 0,
        "nonexistent_venue": 2,
        "placeholder_authors": 0,
        "future_date": 0,
        "chimeric_title": 0,
        "wrong_venue": 12,
        "swapped_authors": 0,
        "preprint_as_published": 0,
        "hybrid_fabrication": 2,
        "near_miss_title": 0,
        "plausible_fabrication": 0,
        "merged_citation": 0,
        "partial_author_list": 0,
        "arxiv_version_mismatch": 0,
        "VALID": 0,
        "UNCERTAIN": 0,
        "HALLUCINATED_unknown": 0
      },
      "placeholder_authors": {
        "fabricated_doi": 2,
        "nonexistent_venue": 0,
        "placeholder_authors": 0,
        "future_date": 3,
        "chimeric_title": 0,
        "wrong_venue": 0,
        "swapped_authors": 5,
        "preprint_as_published": 0,
        "hybrid_fabrication": 9,
        "near_miss_title": 0,
        "plausible_fabrication": 6,
        "merged_citation": 0,
        "partial_author_list": 0,
        "arxiv_version_mismatch": 0,
        "VALID": 0,
        "UNCERTAIN": 0,
        "HALLUCINATED_unknown": 0
      },
      "future_date": {
        "fabricated_doi": 0,
        "nonexistent_venue": 0,
        "placeholder_authors": 0,
        "future_date": 23,
        "chimeric_title": 0,
        "wrong_venue": 0,
        "swapped_authors": 0,
        "preprint_as_published": 0,
        "hybrid_fabrication": 2,
        "near_miss_title": 0,
        "plausible_fabrication": 0,
        "merged_citation": 0,
        "partial_author_list": 0,
        "arxiv_version_mismatch": 0,
        "VALID": 0,
        "UNCERTAIN": 0,
        "HALLUCINATED_unknown": 0
      },
      "chimeric_title": {
        "fabricated_doi": 3,
        "nonexistent_venue": 0,
        "placeholder_authors": 0,
        "future_date": 2,
        "chimeric_title": 0,
        "wrong_venue": 0,
        "swapped_authors": 0,
        "preprint_as_published": 0,
        "hybrid_fabrication": 8,
        "near_miss_title": 1,
        "plausible_fabrication": 2,
        "merged_citation": 1,
        "partial_author_list": 0,
        "arxiv_version_mismatch": 0,
        "VALID": 0,
        "UNCERTAIN": 0,
        "HALLUCINATED_unknown": 0
      },
      "wrong_venue": {
        "fabricated_doi": 1,
        "nonexistent_venue": 0,
        "placeholder_authors": 0,
        "future_date": 1,
        "chimeric_title": 0,
        "wrong_venue": 17,
        "swapped_authors": 0,
        "preprint_as_published": 0,
        "hybrid_fabrication": 3,
        "near_miss_title": 0,
        "plausible_fabrication": 0,
        "merged_citation": 0,
        "partial_author_list": 0,
        "arxiv_version_mismatch": 0,
        "VALID": 0,
        "UNCERTAIN": 0,
        "HALLUCINATED_unknown": 0
      },