{
  "key": "llm_openrouter_llama_4_maverick",
  "display": "Llama 4 Maverick",
  "model_id": "meta-llama/llama-4-maverick",
  "provider": "openrouter",
  "n": 500,
  "api_calls": 500,
  "predicted_label_dist": {
    "HALLUCINATED": 443,
    "VALID": 48,
    "UNCERTAIN": 9
  },
  "overall": {
    "tool_name": "llm_openrouter_llama_4_maverick",
    "split_name": "test_crossdomain",
    "num_entries": 500,
    "num_hallucinated": 300,
    "num_valid": 200,
    "detection_rate": 0.9322033898305084,
    "false_positive_rate": 0.8571428571428571,
    "f1_hallucination": 0.7452574525745257,
    "tier_weighted_f1": 0.8400918133129304,
    "mcc": 0.12377365167272626,
    "macro_f1": 0.48738282464791854,
    "union_recall_at_k": {},
    "temporal_robustness": null,
    "cost_efficiency": 0.24683636230690156,
    "mean_api_calls": 1.0,
    "ece": 0.2918533604887984,
    "auroc": 0.5648478035281909,
    "auprc": 0.6479423431889714,
    "num_uncertain": 9,
    "tier3_f1": 0.46105919003115264,
    "detection_rate_ci": null,
    "f1_hallucination_ci": null,
    "tier_weighted_f1_ci": null,
    "fpr_ci": null,
    "ece_ci": null,
    "mcc_ci": null,
    "tier3_f1_ci": null,
    "per_tier_metrics": {
      "1": {
        "detection_rate": 0.9493670886075949,
        "false_positive_rate": 0.8571428571428571,
        "f1": 0.4658385093167701,
        "precision": 0.30864197530864196,
        "num_hallucinated": 80,
        "num_valid": 200
      },
      "2": {
        "detection_rate": 0.9197080291970803,
        "false_positive_rate": 0.8571428571428571,
        "f1": 0.5846867749419953,
        "precision": 0.42857142857142855,
        "num_hallucinated": 140,
        "num_valid": 200
      },
      "3": {
        "detection_rate": 0.9367088607594937,
        "false_positive_rate": 0.8571428571428571,
        "f1": 0.46105919003115264,
        "precision": 0.30578512396694213,
        "num_hallucinated": 80,
        "num_valid": 200
      }
    },
    "per_type_metrics": {
      "arxiv_version_mismatch": {
        "detection_rate": 1.0,
        "false_positive_rate": 0.0,
        "f1": 1.0,
        "count": 27
      },
      "chimeric_title": {
        "detection_rate": 0.9411764705882353,
        "false_positive_rate": 0.0,
        "f1": 0.9696969696969697,
        "count": 17
      },
      "fabricated_doi": {
        "detection_rate": 1.0,
        "false_positive_rate": 0.0,
        "f1": 1.0,
        "count": 14
      },
      "future_date": {
        "detection_rate": 1.0,
        "false_positive_rate": 0.0,
        "f1": 1.0,
        "count": 25
      },
      "hybrid_fabrication": {
        "detection_rate": 1.0,
        "false_positive_rate": 0.0,
        "f1": 1.0,
        "count": 19
      },
      "merged_citation": {
        "detection_rate": 0.8888888888888888,
        "false_positive_rate": 0.0,
        "f1": 0.9411764705882353,
        "count": 18
      },
      "near_miss_title": {
        "detection_rate": 0.782608695652174,
        "false_positive_rate": 0.0,
        "f1": 0.878048780487805,
        "count": 23
      },
      "nonexistent_venue": {
        "detection_rate": 1.0,
        "false_positive_rate": 0.0,
        "f1": 1.0,
        "count": 16
      },
      "partial_author_list": {
        "detection_rate": 0.8260869565217391,
        "false_positive_rate": 0.0,
        "f1": 0.9047619047619047,
        "count": 23
      },
      "placeholder_authors": {
        "detection_rate": 0.8333333333333334,
        "false_positive_rate": 0.0,
        "f1": 0.9090909090909091,
        "count": 25
      },
      "plausible_fabrication": {
        "detection_rate": 1.0,
        "false_positive_rate": 0.0,
        "f1": 1.0,
        "count": 30
      },
      "preprint_as_published": {
        "detection_rate": 0.9523809523809523,
        "false_positive_rate": 0.0,
        "f1": 0.975609756097561,
        "count": 21
      },
      "swapped_authors": {
        "detection_rate": 0.8421052631578947,
        "false_positive_rate": 0.0,
        "f1": 0.9142857142857143,
        "count": 20
      },
      "valid": {
        "detection_rate": 0.0,
        "false_positive_rate": 0.8571428571428571,
        "f1": 0.0,
        "count": 200
      },
      "wrong_venue": {
        "detection_rate": 1.0,
        "false_positive_rate": 0.0,
        "f1": 1.0,
        "count": 22
      }
    },
    "coverage": 1.0,
    "coverage_adjusted_f1": 0.7452574525745257,
    "type_accuracy": {
      "overall": 0.12639405204460966,
      "main_types_only": 0.1642512077294686,
      "stress_test_only": 0.0,
      "num_evaluated": 269.0,
      "num_correct": 34.0,
      "tier_1": 0.3888888888888889,
      "tier_2": 0.024,
      "tier_3": 0.041666666666666664
    },
    "type_confusion": {
      "fabricated_doi": {
        "fabricated_doi": 4,
        "nonexistent_venue": 0,
        "placeholder_authors": 0,
        "future_date": 10,
        "chimeric_title": 0,
        "wrong_venue": 0,
        "swapped_authors": 0,
        "preprint_as_published": 0,
        "hybrid_fabrication": 0,
        "near_miss_title": 0,
        "plausible_fabrication": 0,
        "merged_citation": 0,
        "partial_author_list": 0,
        "arxiv_version_mismatch": 0,
        "VALID": 0,
        "UNCERTAIN": 0,
        "HALLUCINATED_unknown": 0
      },
      "nonexistent_venue": {
        "fabricated_doi": 1,
        "nonexistent_venue": 2,
        "placeholder_authors": 0,
        "future_date": 11,
        "chimeric_title": 0,
        "wrong_venue": 2,
        "swapped_authors": 0,
        "preprint_as_published": 0,
        "hybrid_fabrication": 0,
        "near_miss_title": 0,
        "plausible_fabrication": 0,
        "merged_citation": 0,
        "partial_author_list": 0,
        "arxiv_version_mismatch": 0,
        "VALID": 0,
        "UNCERTAIN": 0,
        "HALLUCINATED_unknown": 0
      },
      "placeholder_authors": {
        "fabricated_doi": 0,
        "nonexistent_venue": 0,
        "placeholder_authors": 0,
        "future_date": 19,
        "chimeric_title": 0,
        "wrong_venue": 0,
        "swapped_authors": 0,
        "preprint_as_published": 0,
        "hybrid_fabrication": 1,
        "near_miss_title": 0,
        "plausible_fabrication": 0,
        "merged_citation": 0,
        "partial_author_list": 0,
        "arxiv_version_mismatch": 0,
        "VALID": 4,
        "UNCERTAIN": 1,
        "HALLUCINATED_unknown": 0
      },
      "future_date": {
        "fabricated_doi": 0,
        "nonexistent_venue": 0,
        "placeholder_authors": 0,
        "future_date": 22,
        "chimeric_title": 0,
        "wrong_venue": 0,
        "swapped_authors": 0,
        "preprint_as_published": 0,
        "hybrid_fabrication": 0,
        "near_miss_title": 0,
        "plausible_fabrication": 0,
        "merged_citation": 0,
        "partial_author_list": 0,
        "arxiv_version_mismatch": 0,
        "VALID": 0,
        "UNCERTAIN": 0,
        "HALLUCINATED_unknown": 3
      },
      "chimeric_title": {
        "fabricated_doi": 0,
        "nonexistent_venue": 0,
        "placeholder_authors": 0,
        "future_date": 16,
        "chimeric_title": 0,
        "wrong_venue": 0,
        "swapped_authors": 0,
        "preprint_as_published": 0,
        "hybrid_fabrication": 0,
        "near_miss_title": 0,
        "plausible_fabrication": 0,
        "merged_citation": 0,
        "partial_author_list": 0,
        "arxiv_version_mismatch": 0,
        "VALID": 1,
        "UNCERTAIN": 0,
        "HALLUCINATED_unknown": 0
      },
      "wrong_venue": {
        "fabricated_doi": 0,
        "nonexistent_venue": 0,
        "placeholder_authors": 0,
        "future_date": 17,
        "chimeric_title": 0,
        "wrong_venue": 3,
        "swapped_authors": 0,
        "preprint_as_published": 0,
        "hybrid_fabrication": 1,
        "near_miss_title": 0,
        "plausible_fabrication": 0,
        "merged_citation": 0,
        "partial_author_list": 0,