{
  "key": "llm_openai_gpt54",
  "display": "GPT-5.4",
  "model_id": "gpt-5.4",
  "provider": "openai",
  "n": 500,
  "api_calls": 500,
  "predicted_label_dist": {
    "HALLUCINATED": 440,
    "VALID": 43,
    "UNCERTAIN": 17
  },
  "overall": {
    "tool_name": "llm_openai_gpt54",
    "split_name": "test_crossdomain",
    "num_entries": 500,
    "num_hallucinated": 300,
    "num_valid": 200,
    "detection_rate": 0.9628378378378378,
    "false_positive_rate": 0.8288770053475936,
    "f1_hallucination": 0.7744565217391304,
    "tier_weighted_f1": 0.8599846977811784,
    "mcc": 0.2291310422209483,
    "macro_f1": 0.5263586956521739,
    "union_recall_at_k": {},
    "temporal_robustness": null,
    "cost_efficiency": 0.39946208064467575,
    "mean_api_calls": 1.0,
    "ece": 0.31484472049689444,
    "auroc": 0.672496025437202,
    "auprc": 0.7324689712061297,
    "num_uncertain": 17,
    "tier3_f1": 0.4721311475409836,
    "detection_rate_ci": null,
    "f1_hallucination_ci": null,
    "tier_weighted_f1_ci": null,
    "fpr_ci": null,
    "ece_ci": null,
    "mcc_ci": null,
    "tier3_f1_ci": null,
    "per_tier_metrics": {
      "1": {
        "detection_rate": 1.0,
        "false_positive_rate": 0.8288770053475936,
        "f1": 0.5079365079365079,
        "precision": 0.3404255319148936,
        "num_hallucinated": 80,
        "num_valid": 200
      },
      "2": {
        "detection_rate": 0.9637681159420289,
        "false_positive_rate": 0.8288770053475936,
        "f1": 0.6244131455399061,
        "precision": 0.4618055555555556,
        "num_hallucinated": 140,
        "num_valid": 200
      },
      "3": {
        "detection_rate": 0.9230769230769231,
        "false_positive_rate": 0.8288770053475936,
        "f1": 0.4721311475409836,
        "precision": 0.31718061674008813,
        "num_hallucinated": 80,
        "num_valid": 200
      }
    },
    "per_type_metrics": {
      "arxiv_version_mismatch": {
        "detection_rate": 1.0,
        "false_positive_rate": 0.0,
        "f1": 1.0,
        "count": 27
      },
      "chimeric_title": {
        "detection_rate": 1.0,
        "false_positive_rate": 0.0,
        "f1": 1.0,
        "count": 17
      },
      "fabricated_doi": {
        "detection_rate": 1.0,
        "false_positive_rate": 0.0,
        "f1": 1.0,
        "count": 14
      },
      "future_date": {
        "detection_rate": 1.0,
        "false_positive_rate": 0.0,
        "f1": 1.0,
        "count": 25
      },
      "hybrid_fabrication": {
        "detection_rate": 1.0,
        "false_positive_rate": 0.0,
        "f1": 1.0,
        "count": 19
      },
      "merged_citation": {
        "detection_rate": 1.0,
        "false_positive_rate": 0.0,
        "f1": 1.0,
        "count": 18
      },
      "near_miss_title": {
        "detection_rate": 0.7142857142857143,
        "false_positive_rate": 0.0,
        "f1": 0.8333333333333333,
        "count": 23
      },
      "nonexistent_venue": {
        "detection_rate": 1.0,
        "false_positive_rate": 0.0,
        "f1": 1.0,
        "count": 16
      },
      "partial_author_list": {
        "detection_rate": 0.8636363636363636,
        "false_positive_rate": 0.0,
        "f1": 0.9268292682926829,
        "count": 23
      },
      "placeholder_authors": {
        "detection_rate": 1.0,
        "false_positive_rate": 0.0,
        "f1": 1.0,
        "count": 25
      },
      "plausible_fabrication": {
        "detection_rate": 1.0,
        "false_positive_rate": 0.0,
        "f1": 1.0,
        "count": 30
      },
      "preprint_as_published": {
        "detection_rate": 1.0,
        "false_positive_rate": 0.0,
        "f1": 1.0,
        "count": 21
      },
      "swapped_authors": {
        "detection_rate": 0.8947368421052632,
        "false_positive_rate": 0.0,
        "f1": 0.9444444444444444,
        "count": 20
      },
      "valid": {
        "detection_rate": 0.0,
        "false_positive_rate": 0.8288770053475936,
        "f1": 0.0,
        "count": 200
      },
      "wrong_venue": {
        "detection_rate": 1.0,
        "false_positive_rate": 0.0,
        "f1": 1.0,
        "count": 22
      }
    },
    "coverage": 1.0,
    "coverage_adjusted_f1": 0.7744565217391304,
    "type_accuracy": {
      "overall": NaN,
      "main_types_only": NaN,
      "stress_test_only": NaN,
      "num_evaluated": 0.0,
      "num_correct": 0.0,
      "tier_1": NaN,
      "tier_2": NaN,
      "tier_3": NaN
    },
    "type_confusion": {
      "fabricated_doi": {
        "fabricated_doi": 0,
        "nonexistent_venue": 0,
        "placeholder_authors": 0,
        "future_date": 0,
        "chimeric_title": 0,
        "wrong_venue": 0,
        "swapped_authors": 0,
        "preprint_as_published": 0,
        "hybrid_fabrication": 0,
        "near_miss_title": 0,
        "plausible_fabrication": 0,
        "merged_citation": 0,
        "partial_author_list": 0,
        "arxiv_version_mismatch": 0,
        "VALID": 0,
        "UNCERTAIN": 0,
        "HALLUCINATED_unknown": 14
      },
      "nonexistent_venue": {
        "fabricated_doi": 0,
        "nonexistent_venue": 0,
        "placeholder_authors": 0,
        "future_date": 0,
        "chimeric_title": 0,
        "wrong_venue": 0,
        "swapped_authors": 0,
        "preprint_as_published": 0,
        "hybrid_fabrication": 0,
        "near_miss_title": 0,
        "plausible_fabrication": 0,
        "merged_citation": 0,
        "partial_author_list": 0,
        "arxiv_version_mismatch": 0,
        "VALID": 0,
        "UNCERTAIN": 0,
        "HALLUCINATED_unknown": 16
      },
      "placeholder_authors": {
        "fabricated_doi": 0,
        "nonexistent_venue": 0,
        "placeholder_authors": 0,
        "future_date": 0,
        "chimeric_title": 0,
        "wrong_venue": 0,
        "swapped_authors": 0,
        "preprint_as_published": 0,
        "hybrid_fabrication": 0,
        "near_miss_title": 0,
        "plausible_fabrication": 0,
        "merged_citation": 0,
        "partial_author_list": 0,
        "arxiv_version_mismatch": 0,
        "VALID": 0,
        "UNCERTAIN": 0,
        "HALLUCINATED_unknown": 25
      },
      "future_date": {
        "fabricated_doi": 0,
        "nonexistent_venue": 0,
        "placeholder_authors": 0,
        "future_date": 0,
        "chimeric_title": 0,
        "wrong_venue": 0,
        "swapped_authors": 0,
        "preprint_as_published": 0,
        "hybrid_fabrication": 0,
        "near_miss_title": 0,
        "plausible_fabrication": 0,
        "merged_citation": 0,
        "partial_author_list": 0,
        "arxiv_version_mismatch": 0,
        "VALID": 0,
        "UNCERTAIN": 0,
        "HALLUCINATED_unknown": 25
      },
      "chimeric_title": {
        "fabricated_doi": 0,
        "nonexistent_venue": 0,
        "placeholder_authors": 0,
        "future_date": 0,
        "chimeric_title": 0,
        "wrong_venue": 0,
        "swapped_authors": 0,
        "preprint_as_published": 0,
        "hybrid_fabrication": 0,
        "near_miss_title": 0,
        "plausible_fabrication": 0,
        "merged_citation": 0,
        "partial_author_list": 0,
        "arxiv_version_mismatch": 0,
        "VALID": 0,
        "UNCERTAIN": 0,
        "HALLUCINATED_unknown": 17
      },
      "wrong_venue": {
        "fabricated_doi": 0,
        "nonexistent_venue": 0,
        "placeholder_authors": 0,
        "future_date": 0,
        "chimeric_title": 0,
        "wrong_venue": 0,
        "swapped_authors": 0,
        "preprint_as_published": 0,
        "hybrid_fabrication": 0,
        "near_miss_title": 0,
        "plausible_fabrication": 0,
        "merged_citation": 0,
        "partial_author_list": 0,
        "arxiv_version_mismatch": 0,
        "VALID": 0,
        "UNCERTAIN": 0,
        "HALLUCINATED_unknown": 22
      },
      "swapped_authors": {
        "fabricated_doi": 0,
        "nonexistent_venue": 0,
        "placeholder_authors": 0,
        "future_date": 0,