{
  "key": "llm_openrouter_gemini_flash",
  "display": "Gemini 2.5 Flash",
  "model_id": "google/gemini-2.5-flash",
  "provider": "openrouter",
  "n": 500,
  "api_calls": 500,
  "predicted_label_dist": {
    "HALLUCINATED": 418,
    "VALID": 76,
    "UNCERTAIN": 6
  },
  "overall": {
    "tool_name": "llm_openrouter_gemini_flash",
    "split_name": "test_crossdomain",
    "num_entries": 500,
    "num_hallucinated": 300,
    "num_valid": 200,
    "detection_rate": 0.8851351351351351,
    "false_positive_rate": 0.7878787878787878,
    "f1_hallucination": 0.7338935574229691,
    "tier_weighted_f1": 0.8257456828885401,
    "mcc": 0.13209958948161282,
    "macro_f1": 0.5202314502443313,
    "union_recall_at_k": {},
    "temporal_robustness": null,
    "cost_efficiency": 0.38547121807421036,
    "mean_api_calls": 1.0,
    "ece": 0.29342105263157897,
    "auroc": 0.5581831831831832,
    "auprc": 0.6302444762390789,
    "num_uncertain": 6,
    "tier3_f1": 0.4690553745928338,
    "detection_rate_ci": null,
    "f1_hallucination_ci": null,
    "tier_weighted_f1_ci": null,
    "fpr_ci": null,
    "ece_ci": null,
    "mcc_ci": null,
    "tier3_f1_ci": null,
    "per_tier_metrics": {
      "1": {
        "detection_rate": 0.8860759493670886,
        "false_positive_rate": 0.7878787878787878,
        "f1": 0.45901639344262296,
        "precision": 0.30973451327433627,
        "num_hallucinated": 80,
        "num_valid": 200
      },
      "2": {
        "detection_rate": 0.8695652173913043,
        "false_positive_rate": 0.7878787878787878,
        "f1": 0.5797101449275363,
        "precision": 0.43478260869565216,
        "num_hallucinated": 140,
        "num_valid": 200
      },
      "3": {
        "detection_rate": 0.9113924050632911,
        "false_positive_rate": 0.7878787878787878,
        "f1": 0.4690553745928338,
        "precision": 0.3157894736842105,
        "num_hallucinated": 80,
        "num_valid": 200
      }
    },
    "per_type_metrics": {
      "arxiv_version_mismatch": {
        "detection_rate": 1.0,
        "false_positive_rate": 0.0,
        "f1": 1.0,
        "count": 27
      },
      "chimeric_title": {
        "detection_rate": 1.0,
        "false_positive_rate": 0.0,
        "f1": 1.0,
        "count": 17
      },
      "fabricated_doi": {
        "detection_rate": 0.9230769230769231,
        "false_positive_rate": 0.0,
        "f1": 0.9600000000000001,
        "count": 14
      },
      "future_date": {
        "detection_rate": 1.0,
        "false_positive_rate": 0.0,
        "f1": 1.0,
        "count": 25
      },
      "hybrid_fabrication": {
        "detection_rate": 0.8947368421052632,
        "false_positive_rate": 0.0,
        "f1": 0.9444444444444444,
        "count": 19
      },
      "merged_citation": {
        "detection_rate": 0.8888888888888888,
        "false_positive_rate": 0.0,
        "f1": 0.9411764705882353,
        "count": 18
      },
      "near_miss_title": {
        "detection_rate": 0.6956521739130435,
        "false_positive_rate": 0.0,
        "f1": 0.8205128205128205,
        "count": 23
      },
      "nonexistent_venue": {
        "detection_rate": 0.75,
        "false_positive_rate": 0.0,
        "f1": 0.8571428571428571,
        "count": 16
      },
      "partial_author_list": {
        "detection_rate": 0.6818181818181818,
        "false_positive_rate": 0.0,
        "f1": 0.8108108108108109,
        "count": 23
      },
      "placeholder_authors": {
        "detection_rate": 0.84,
        "false_positive_rate": 0.0,
        "f1": 0.9130434782608696,
        "count": 25
      },
      "plausible_fabrication": {
        "detection_rate": 1.0,
        "false_positive_rate": 0.0,
        "f1": 1.0,
        "count": 30
      },
      "preprint_as_published": {
        "detection_rate": 0.8571428571428571,
        "false_positive_rate": 0.0,
        "f1": 0.923076923076923,
        "count": 21
      },
      "swapped_authors": {
        "detection_rate": 0.85,
        "false_positive_rate": 0.0,
        "f1": 0.9189189189189189,
        "count": 20
      },
      "valid": {
        "detection_rate": 0.0,
        "false_positive_rate": 0.7878787878787878,
        "f1": 0.0,
        "count": 200
      },
      "wrong_venue": {
        "detection_rate": 0.9545454545454546,
        "false_positive_rate": 0.0,
        "f1": 0.9767441860465117,
        "count": 22
      }
    },
    "coverage": 1.0,
    "coverage_adjusted_f1": 0.7338935574229691,
    "type_accuracy": {
      "overall": 0.15079365079365079,
      "main_types_only": 0.19289340101522842,
      "stress_test_only": 0.0,
      "num_evaluated": 252.0,
      "num_correct": 38.0,
      "tier_1": 0.4492753623188406,
      "tier_2": 0.017699115044247787,
      "tier_3": 0.07142857142857142
    },
    "type_confusion": {
      "fabricated_doi": {
        "fabricated_doi": 3,
        "nonexistent_venue": 0,
        "placeholder_authors": 0,
        "future_date": 8,
        "chimeric_title": 0,
        "wrong_venue": 0,
        "swapped_authors": 0,
        "preprint_as_published": 0,
        "hybrid_fabrication": 0,
        "near_miss_title": 0,
        "plausible_fabrication": 0,
        "merged_citation": 0,
        "partial_author_list": 0,
        "arxiv_version_mismatch": 0,
        "VALID": 1,
        "UNCERTAIN": 1,
        "HALLUCINATED_unknown": 1
      },
      "nonexistent_venue": {
        "fabricated_doi": 0,
        "nonexistent_venue": 3,
        "placeholder_authors": 0,
        "future_date": 6,
        "chimeric_title": 0,
        "wrong_venue": 0,
        "swapped_authors": 0,
        "preprint_as_published": 0,
        "hybrid_fabrication": 3,
        "near_miss_title": 0,
        "plausible_fabrication": 0,
        "merged_citation": 0,
        "partial_author_list": 0,
        "arxiv_version_mismatch": 0,
        "VALID": 4,
        "UNCERTAIN": 0,
        "HALLUCINATED_unknown": 0
      },
      "placeholder_authors": {
        "fabricated_doi": 2,
        "nonexistent_venue": 0,
        "placeholder_authors": 0,
        "future_date": 15,
        "chimeric_title": 0,
        "wrong_venue": 0,
        "swapped_authors": 0,
        "preprint_as_published": 0,
        "hybrid_fabrication": 4,
        "near_miss_title": 0,
        "plausible_fabrication": 0,
        "merged_citation": 0,
        "partial_author_list": 0,
        "arxiv_version_mismatch": 0,
        "VALID": 4,
        "UNCERTAIN": 0,
        "HALLUCINATED_unknown": 0
      },
      "future_date": {
        "fabricated_doi": 0,
        "nonexistent_venue": 0,
        "placeholder_authors": 0,
        "future_date": 25,
        "chimeric_title": 0,
        "wrong_venue": 0,
        "swapped_authors": 0,
        "preprint_as_published": 0,
        "hybrid_fabrication": 0,
        "near_miss_title": 0,
        "plausible_fabrication": 0,
        "merged_citation": 0,
        "partial_author_list": 0,
        "arxiv_version_mismatch": 0,
        "VALID": 0,
        "UNCERTAIN": 0,
        "HALLUCINATED_unknown": 0
      },
      "chimeric_title": {
        "fabricated_doi": 1,
        "nonexistent_venue": 0,
        "placeholder_authors": 0,
        "future_date": 13,
        "chimeric_title": 0,
        "wrong_venue": 0,
        "swapped_authors": 0,
        "preprint_as_published": 0,
        "hybrid_fabrication": 1,
        "near_miss_title": 0,
        "plausible_fabrication": 0,
        "merged_citation": 0,
        "partial_author_list": 0,
        "arxiv_version_mismatch": 0,
        "VALID": 0,
        "UNCERTAIN": 1,
        "HALLUCINATED_unknown": 1
      },
      "wrong_venue": {
        "fabricated_doi": 1,
        "nonexistent_venue": 0,
        "placeholder_authors": 0,
        "future_date": 15,
        "chimeric_title": 0,
        "wrong_venue": 0,
        "swapped_authors": 0,
        "preprint_as_published": 0,
        "hybrid_fabrication": 5,
        "near_miss_title": 0,
        "plausible_fabrication": 0,
        "merged_citation": 0,