{
  "tool": "GPT-5.1 agentic (BTU-only)",
  "model_id": "gpt-5.1",
  "provider": "agentic_btu_openai",
  "split": "walters_wilder_chatgpt_citations",
  "n_entries": 341,
  "coverage": 1.0,
  "num_uncertain": 22,
  "overall": {
    "detection_rate": 0.9754601226993865,
    "false_positive_rate": 0.04487179487179487,
    "f1_hallucination": 0.966565349544073,
    "tier_weighted_f1": 0.9842602308499475,
    "ece": 0.0779937304075235,
    "detection_rate_ci": [
      0.9523738237810093,
      0.9938650306748467
    ],
    "fpr_ci": [
      0.013333333333333334,
      0.07947019867549669
    ]
  },
  "per_tier": {
    "2": {
      "detection_rate": 0.6666666666666666,
      "false_positive_rate": 0.04487179487179487,
      "f1": 0.5925925925925926,
      "precision": 0.5333333333333333,
      "num_hallucinated": 17,
      "num_valid": 172
    },
    "3": {
      "detection_rate": 1.0,
      "false_positive_rate": 0.04487179487179487,
      "f1": 0.9773462783171522,
      "precision": 0.9556962025316456,
      "num_hallucinated": 152,
      "num_valid": 172
    }
  },
  "per_type": {
    "near_miss_title": {
      "detection_rate": 1.0,
      "false_positive_rate": 0.0,
      "f1": 1.0,
      "count": 13,
      "dr_ci_lower": 0.7574992425007574,
      "dr_ci_upper": 1.0
    },
    "plausible_fabrication": {
      "detection_rate": 1.0,
      "false_positive_rate": 0.0,
      "f1": 1.0,
      "count": 139,
      "dr_ci_lower": 0.9731058739190823,
      "dr_ci_upper": 1.0
    },
    "swapped_authors": {
      "detection_rate": 0.5714285714285714,
      "false_positive_rate": 0.0,
      "f1": 0.7272727272727273,
      "count": 12,
      "dr_ci_lower": 0.2504542304090258,
      "dr_ci_upper": 0.8417830777373732
    },
    "valid": {
      "detection_rate": 0.0,
      "false_positive_rate": 0.04487179487179487,
      "f1": 0.0,
      "count": 172,
      "dr_ci_lower": 0.0,
      "dr_ci_upper": 0.0
    },
    "wrong_venue": {
      "detection_rate": 0.8,
      "false_positive_rate": 0.0,
      "f1": 0.888888888888889,
      "count": 5,
      "dr_ci_lower": 0.3755282641185388,
      "dr_ci_upper": 0.9637768390302125
    }
  },
  "by_gpt_version": {
    "3.5": {
      "n": 119,
      "detection_rate": 0.99,
      "fpr": 0.05263157894736842,
      "cm": [
        99,
        1,
        1,
        18
      ]
    },
    "4": {
      "n": 222,
      "detection_rate": 0.8695652173913043,
      "fpr": 0.0392156862745098,
      "cm": [
        60,
        9,
        6,
        147
      ]
    }
  },
  "by_subject_field": {
    "Humanities": {
      "n": 24,
      "detection_rate": 0.9411764705882353,
      "fpr": 0.0,
      "cm": [
        16,
        1,
        0,
        7
      ]
    },
    "Natural sciences": {
      "n": 103,
      "detection_rate": 0.8913043478260869,
      "fpr": 0.07017543859649122,
      "cm": [
        41,
        5,
        4,
        53
      ]
    },
    "Social sciences": {
      "n": 214,
      "detection_rate": 0.9622641509433962,
      "fpr": 0.027777777777777776,
      "cm": [
        102,
        4,
        3,
        105
      ]
    }
  },
  "forced_binary_overall": {
    "detection_rate": 0.9408284023668639,
    "fpr": 0.040697674418604654,
    "cm": [
      159,
      10,
      7,
      165
    ]
  }
}
