{
  "tool_name": "bibtexupdater",
  "split_name": "test_public",
  "num_entries": 831,
  "num_hallucinated": 519,
  "num_valid": 312,
  "detection_rate": 0.8766859344894027,
  "false_positive_rate": 0.11538461538461539,
  "f1_hallucination": 0.900990099009901,
  "tier_weighted_f1": 0.9163780306778823,
  "mcc": 0.7497860459728523,
  "macro_f1": 0.8738079329405333,
  "union_recall_at_k": {},
  "temporal_robustness": null,
  "cost_efficiency": null,
  "mean_api_calls": 1.8856799037304453,
  "ece": 0.3991794010533843,
  "auroc": 0.6741792648584556,
  "auprc": 0.8189893946307215,
  "num_uncertain": 0,
  "tier3_f1": 0.8456790123456791,
  "detection_rate_ci": null,
  "f1_hallucination_ci": null,
  "tier_weighted_f1_ci": null,
  "fpr_ci": null,
  "ece_ci": null,
  "mcc_ci": null,
  "tier3_f1_ci": null,
  "per_tier_metrics": {
    "1": {
      "detection_rate": 0.9307692307692308,
      "false_positive_rate": 0.11538461538461539,
      "f1": 0.843205574912892,
      "precision": 0.7707006369426752,
      "num_hallucinated": 130,
      "num_valid": 312
    },
    "2": {
      "detection_rate": 0.8277310924369747,
      "false_positive_rate": 0.11538461538461539,
      "f1": 0.8365180467091294,
      "precision": 0.8454935622317596,
      "num_hallucinated": 238,
      "num_valid": 312
    },
    "3": {
      "detection_rate": 0.9072847682119205,
      "false_positive_rate": 0.11538461538461539,
      "f1": 0.8456790123456791,
      "precision": 0.791907514450867,
      "num_hallucinated": 151,
      "num_valid": 312
    }
  },
  "per_type_metrics": {
    "arxiv_version_mismatch": {
      "detection_rate": 0.7777777777777778,
      "false_positive_rate": 0.0,
      "f1": 0.8750000000000001,
      "count": 45
    },
    "chimeric_title": {
      "detection_rate": 1.0,
      "false_positive_rate": 0.0,
      "f1": 1.0,
      "count": 23
    },
    "fabricated_doi": {
      "detection_rate": 1.0,
      "false_positive_rate": 0.0,
      "f1": 1.0,
      "count": 29
    },
    "future_date": {
      "detection_rate": 1.0,
      "false_positive_rate": 0.0,
      "f1": 1.0,
      "count": 29
    },
    "hybrid_fabrication": {
      "detection_rate": 1.0,
      "false_positive_rate": 0.0,
      "f1": 1.0,
      "count": 29
    },
    "merged_citation": {
      "detection_rate": 1.0,
      "false_positive_rate": 0.0,
      "f1": 1.0,
      "count": 29
    },
    "near_miss_title": {
      "detection_rate": 0.9,
      "false_positive_rate": 0.0,
      "f1": 0.9473684210526316,
      "count": 40
    },
    "nonexistent_venue": {
      "detection_rate": 0.7567567567567568,
      "false_positive_rate": 0.0,
      "f1": 0.8615384615384616,
      "count": 37
    },
    "partial_author_list": {
      "detection_rate": 0.16129032258064516,
      "false_positive_rate": 0.0,
      "f1": 0.27777777777777773,
      "count": 31
    },
    "placeholder_authors": {
      "detection_rate": 1.0,
      "false_positive_rate": 0.0,
      "f1": 1.0,
      "count": 35
    },
    "plausible_fabrication": {
      "detection_rate": 1.0,
      "false_positive_rate": 0.0,
      "f1": 1.0,
      "count": 66
    },
    "preprint_as_published": {
      "detection_rate": 0.7241379310344828,
      "false_positive_rate": 0.0,
      "f1": 0.8400000000000001,
      "count": 29
    },
    "swapped_authors": {
      "detection_rate": 0.9523809523809523,
      "false_positive_rate": 0.0,
      "f1": 0.975609756097561,
      "count": 63
    },
    "valid": {
      "detection_rate": 0.0,
      "false_positive_rate": 0.11538461538461539,
      "f1": 0.0,
      "count": 312
    },
    "wrong_venue": {
      "detection_rate": 0.8823529411764706,
      "false_positive_rate": 0.0,
      "f1": 0.9375,
      "count": 34
    }
  },
  "coverage": 1.0,
  "coverage_adjusted_f1": 0.900990099009901,
  "type_accuracy": {
    "overall": NaN,
    "main_types_only": NaN,
    "stress_test_only": NaN,
    "num_evaluated": 0.0,
    "num_correct": 0.0,
    "tier_1": NaN,
    "tier_2": NaN,
    "tier_3": NaN
  },
  "type_confusion": {
    "fabricated_doi": {
      "fabricated_doi": 0,
      "nonexistent_venue": 0,
      "placeholder_authors": 0,
      "future_date": 0,
      "chimeric_title": 0,
      "wrong_venue": 0,
      "swapped_authors": 0,
      "preprint_as_published": 0,
      "hybrid_fabrication": 0,
      "near_miss_title": 0,
      "plausible_fabrication": 0,
      "merged_citation": 0,
      "partial_author_list": 0,
      "arxiv_version_mismatch": 0,
      "VALID": 0,
      "UNCERTAIN": 0,
      "HALLUCINATED_unknown": 29
    },
    "nonexistent_venue": {
      "fabricated_doi": 0,
      "nonexistent_venue": 0,
      "placeholder_authors": 0,
      "future_date": 0,
      "chimeric_title": 0,
      "wrong_venue": 0,
      "swapped_authors": 0,
      "preprint_as_published": 0,
      "hybrid_fabrication": 0,
      "near_miss_title": 0,
      "plausible_fabrication": 0,
      "merged_citation": 0,
      "partial_author_list": 0,
      "arxiv_version_mismatch": 0,
      "VALID": 9,
      "UNCERTAIN": 0,
      "HALLUCINATED_unknown": 28
    },
    "placeholder_authors": {
      "fabricated_doi": 0,
      "nonexistent_venue": 0,
      "placeholder_authors": 0,
      "future_date": 0,
      "chimeric_title": 0,
      "wrong_venue": 0,
      "swapped_authors": 0,
      "preprint_as_published": 0,
      "hybrid_fabrication": 0,
      "near_miss_title": 0,
      "plausible_fabrication": 0,
      "merged_citation": 0,
      "partial_author_list": 0,
      "arxiv_version_mismatch": 0,
      "VALID": 0,
      "UNCERTAIN": 0,
      "HALLUCINATED_unknown": 35
    },
    "future_date": {
      "fabricated_doi": 0,
      "nonexistent_venue": 0,
      "placeholder_authors": 0,
      "future_date": 0,
      "chimeric_title": 0,
      "wrong_venue": 0,
      "swapped_authors": 0,
      "preprint_as_published": 0,
      "hybrid_fabrication": 0,
      "near_miss_title": 0,
      "plausible_fabrication": 0,
      "merged_citation": 0,
      "partial_author_list": 0,
      "arxiv_version_mismatch": 0,
      "VALID": 0,
      "UNCERTAIN": 0,
      "HALLUCINATED_unknown": 29
    },
    "chimeric_title": {
      "fabricated_doi": 0,
      "nonexistent_venue": 0,
      "placeholder_authors": 0,
      "future_date": 0,
      "chimeric_title": 0,
      "wrong_venue": 0,
      "swapped_authors": 0,
      "preprint_as_published": 0,
      "hybrid_fabrication": 0,
      "near_miss_title": 0,
      "plausible_fabrication": 0,
      "merged_citation": 0,
      "partial_author_list": 0,
      "arxiv_version_mismatch": 0,
      "VALID": 0,
      "UNCERTAIN": 0,
      "HALLUCINATED_unknown": 23
    },
    "wrong_venue": {
      "fabricated_doi": 0,
      "nonexistent_venue": 0,
      "placeholder_authors": 0,
      "future_date": 0,
      "chimeric_title": 0,
      "wrong_venue": 0,
      "swapped_authors": 0,
      "preprint_as_published": 0,
      "hybrid_fabrication": 0,
      "near_miss_title": 0,
      "plausible_fabrication": 0,
      "merged_citation": 0,
      "partial_author_list": 0,
      "arxiv_version_mismatch": 0,
      "VALID": 4,
      "UNCERTAIN": 0,
      "HALLUCINATED_unknown": 30
    },
    "swapped_authors": {
      "fabricated_doi": 0,
      "nonexistent_venue": 0,
      "placeholder_authors": 0,
      "future_date": 0,
      "chimeric_title": 0,
      "wrong_venue": 0,
      "swapped_authors": 0,
      "preprint_as_published": 0,
      "hybrid_fabrication": 0,
      "near_miss_title": 0,
      "plausible_fabrication": 0,
      "merged_citation": 0,
      "partial_author_list": 0,
      "arxiv_version_mismatch": 0,
      "VALID": 3,
      "UNCERTAIN": 0,
      "HALLUCINATED_unknown": 60
    },
    "preprint_as_published": {
      "fabricated_doi": 0,
      "nonexistent_venue": 0,
      "placeholder_authors": 0,
      "future_date": 0,
      "chimeric_title": 0,
      "wrong_venue": 0,
      "swapped_authors": 0,
      "preprint_as_published": 0,
      "hybrid_fabrication": 0,
      "near_miss_title": 0,