{
  "tool_name": "bibtexupdater",
  "split_name": "test_public",
  "num_entries": 831,
  "num_hallucinated": 519,
  "num_valid": 312,
  "detection_rate": 0.9132947976878613,
  "false_positive_rate": 0.33653846153846156,
  "f1_hallucination": 0.8633879781420764,
  "tier_weighted_f1": 0.9036201222378938,
  "mcc": 0.6075944497039321,
  "macro_f1": 0.7987152656667829,
  "union_recall_at_k": {},
  "temporal_robustness": null,
  "cost_efficiency": 0.13102105500468214,
  "mean_api_calls": 1.3766546329723226,
  "ece": 0.26521788124182905,
  "auroc": 0.7830081727813076,
  "auprc": 0.8572504540435875,
  "num_uncertain": 0,
  "tier3_f1": 0.6992665036674817,
  "detection_rate_ci": null,
  "f1_hallucination_ci": null,
  "tier_weighted_f1_ci": null,
  "fpr_ci": null,
  "ece_ci": null,
  "mcc_ci": null,
  "tier3_f1_ci": null,
  "per_tier_metrics": {
    "1": {
      "detection_rate": 0.9393939393939394,
      "false_positive_rate": 0.33653846153846156,
      "f1": 0.7025495750708216,
      "precision": 0.5610859728506787,
      "num_hallucinated": 132,
      "num_valid": 312
    },
    "2": {
      "detection_rate": 0.9181034482758621,
      "false_positive_rate": 0.33653846153846156,
      "f1": 0.7747747747747747,
      "precision": 0.6891025641025641,
      "num_hallucinated": 232,
      "num_valid": 312
    },
    "3": {
      "detection_rate": 0.8838709677419355,
      "false_positive_rate": 0.33653846153846156,
      "f1": 0.6992665036674817,
      "precision": 0.5958333333333333,
      "num_hallucinated": 155,
      "num_valid": 312
    }
  },
  "per_type_metrics": {
    "arxiv_version_mismatch": {
      "detection_rate": 0.9285714285714286,
      "false_positive_rate": 0.0,
      "f1": 0.962962962962963,
      "count": 28
    },
    "chimeric_title": {
      "detection_rate": 0.875,
      "false_positive_rate": 0.0,
      "f1": 0.9333333333333333,
      "count": 24
    },
    "fabricated_doi": {
      "detection_rate": 0.9310344827586207,
      "false_positive_rate": 0.0,
      "f1": 0.9642857142857143,
      "count": 29
    },
    "future_date": {
      "detection_rate": 1.0,
      "false_positive_rate": 0.0,
      "f1": 1.0,
      "count": 29
    },
    "hybrid_fabrication": {
      "detection_rate": 0.95,
      "false_positive_rate": 0.0,
      "f1": 0.9743589743589743,
      "count": 40
    },
    "merged_citation": {
      "detection_rate": 0.8275862068965517,
      "false_positive_rate": 0.0,
      "f1": 0.9056603773584906,
      "count": 29
    },
    "near_miss_title": {
      "detection_rate": 0.8421052631578947,
      "false_positive_rate": 0.0,
      "f1": 0.9142857142857143,
      "count": 38
    },
    "nonexistent_venue": {
      "detection_rate": 0.8947368421052632,
      "false_positive_rate": 0.0,
      "f1": 0.9444444444444444,
      "count": 38
    },
    "partial_author_list": {
      "detection_rate": 0.9655172413793104,
      "false_positive_rate": 0.0,
      "f1": 0.9824561403508771,
      "count": 29
    },
    "placeholder_authors": {
      "detection_rate": 0.9444444444444444,
      "false_positive_rate": 0.0,
      "f1": 0.9714285714285714,
      "count": 36
    },
    "plausible_fabrication": {
      "detection_rate": 0.8252427184466019,
      "false_positive_rate": 0.0,
      "f1": 0.9042553191489361,
      "count": 103
    },
    "preprint_as_published": {
      "detection_rate": 0.9310344827586207,
      "false_positive_rate": 0.0,
      "f1": 0.9642857142857143,
      "count": 29
    },
    "swapped_authors": {
      "detection_rate": 0.8214285714285714,
      "false_positive_rate": 0.0,
      "f1": 0.9019607843137255,
      "count": 56
    },
    "valid": {
      "detection_rate": 0.0,
      "false_positive_rate": 0.33653846153846156,
      "f1": 0.0,
      "count": 312
    },
    "wrong_venue": {
      "detection_rate": 0.8611111111111112,
      "false_positive_rate": 0.0,
      "f1": 0.9253731343283582,
      "count": 36
    }
  },
  "coverage": 1.0,
  "coverage_adjusted_f1": 0.8584149599287623
}
