{
  "tool_name": "cascade_db_diagnosis_evalmode_aggressive",
  "split_name": "test_public",
  "num_entries": 831,
  "num_hallucinated": 544,
  "num_valid": 287,
  "detection_rate": 0.9779411764705882,
  "false_positive_rate": 0.4634146341463415,
  "f1_hallucination": 0.8800661703887511,
  "tier_weighted_f1": 0.9316348195329086,
  "mcc": 0.6119040317344095,
  "macro_f1": 0.7799889350840004,
  "union_recall_at_k": {},
  "temporal_robustness": null,
  "cost_efficiency": 0.07141460988280333,
  "mean_api_calls": 2.6016847172081827,
  "ece": 0.1004560770156438,
  "auroc": 0.7969006200040992,
  "auprc": 0.8516184702973449,
  "num_uncertain": 0,
  "tier3_f1": 0.703862660944206,
  "detection_rate_ci": null,
  "f1_hallucination_ci": null,
  "tier_weighted_f1_ci": null,
  "fpr_ci": null,
  "ece_ci": null,
  "mcc_ci": null,
  "tier3_f1_ci": null,
  "per_tier_metrics": {
    "1": {
      "detection_rate": 0.9924242424242424,
      "false_positive_rate": 0.4634146341463415,
      "f1": 0.6616161616161615,
      "precision": 0.4962121212121212,
      "num_hallucinated": 132,
      "num_valid": 287
    },
    "2": {
      "detection_rate": 0.9753086419753086,
      "false_positive_rate": 0.4634146341463415,
      "f1": 0.7732463295269169,
      "precision": 0.6405405405405405,
      "num_hallucinated": 243,
      "num_valid": 287
    },
    "3": {
      "detection_rate": 0.9704142011834319,
      "false_positive_rate": 0.4634146341463415,
      "f1": 0.703862660944206,
      "precision": 0.5521885521885522,
      "num_hallucinated": 169,
      "num_valid": 287
    }
  },
  "per_type_metrics": {
    "arxiv_version_mismatch": {
      "detection_rate": 1.0,
      "false_positive_rate": 0.0,
      "f1": 1.0,
      "count": 28
    },
    "chimeric_title": {
      "detection_rate": 0.9166666666666666,
      "false_positive_rate": 0.0,
      "f1": 0.9565217391304348,
      "count": 24
    },
    "fabricated_doi": {
      "detection_rate": 0.9655172413793104,
      "false_positive_rate": 0.0,
      "f1": 0.9824561403508771,
      "count": 29
    },
    "future_date": {
      "detection_rate": 1.0,
      "false_positive_rate": 0.0,
      "f1": 1.0,
      "count": 29
    },
    "hybrid_fabrication": {
      "detection_rate": 1.0,
      "false_positive_rate": 0.0,
      "f1": 1.0,
      "count": 40
    },
    "merged_citation": {
      "detection_rate": 1.0,
      "false_positive_rate": 0.0,
      "f1": 1.0,
      "count": 29
    },
    "near_miss_title": {
      "detection_rate": 0.9736842105263158,
      "false_positive_rate": 0.0,
      "f1": 0.9866666666666666,
      "count": 38
    },
    "nonexistent_venue": {
      "detection_rate": 1.0,
      "false_positive_rate": 0.0,
      "f1": 1.0,
      "count": 38
    },
    "partial_author_list": {
      "detection_rate": 1.0,
      "false_positive_rate": 0.0,
      "f1": 1.0,
      "count": 29
    },
    "placeholder_authors": {
      "detection_rate": 1.0,
      "false_positive_rate": 0.0,
      "f1": 1.0,
      "count": 36
    },
    "plausible_fabrication": {
      "detection_rate": 0.9611650485436893,
      "false_positive_rate": 0.0,
      "f1": 0.9801980198019802,
      "count": 103
    },
    "preprint_as_published": {
      "detection_rate": 1.0,
      "false_positive_rate": 0.0,
      "f1": 1.0,
      "count": 29
    },
    "swapped_authors": {
      "detection_rate": 0.9285714285714286,
      "false_positive_rate": 0.0,
      "f1": 0.962962962962963,
      "count": 56
    },
    "valid": {
      "detection_rate": 0.0,
      "false_positive_rate": 0.4634146341463415,
      "f1": 0.0,
      "count": 287
    },
    "wrong_venue": {
      "detection_rate": 1.0,
      "false_positive_rate": 0.0,
      "f1": 1.0,
      "count": 36
    }
  },
  "coverage": 1.0,
  "coverage_adjusted_f1": 0.8800661703887511,
  "type_accuracy": {
    "overall": 0.3117206982543641,
    "main_types_only": 0.3696969696969697,
    "stress_test_only": 0.04225352112676056,
    "num_evaluated": 401.0,
    "num_correct": 125.0,
    "tier_1": 0.4462809917355372,
    "tier_2": 0.34946236559139787,
    "tier_3": 0.06382978723404255
  },
  "type_confusion": {
    "fabricated_doi": {
      "fabricated_doi": 24,
      "nonexistent_venue": 0,
      "placeholder_authors": 0,
      "future_date": 0,
      "chimeric_title": 0,
      "wrong_venue": 0,
      "swapped_authors": 2,
      "preprint_as_published": 0,
      "hybrid_fabrication": 1,
      "near_miss_title": 0,
      "plausible_fabrication": 0,
      "merged_citation": 0,
      "partial_author_list": 0,
      "arxiv_version_mismatch": 0,
      "VALID": 1,
      "UNCERTAIN": 0,
      "HALLUCINATED_unknown": 1
    },
    "nonexistent_venue": {
      "fabricated_doi": 11,
      "nonexistent_venue": 0,
      "placeholder_authors": 0,
      "future_date": 0,
      "chimeric_title": 0,
      "wrong_venue": 26,
      "swapped_authors": 0,
      "preprint_as_published": 0,
      "hybrid_fabrication": 0,
      "near_miss_title": 0,
      "plausible_fabrication": 1,
      "merged_citation": 0,
      "partial_author_list": 0,
      "arxiv_version_mismatch": 0,
      "VALID": 0,
      "UNCERTAIN": 0,
      "HALLUCINATED_unknown": 0
    },
    "placeholder_authors": {
      "fabricated_doi": 6,
      "nonexistent_venue": 0,
      "placeholder_authors": 1,
      "future_date": 0,
      "chimeric_title": 0,
      "wrong_venue": 0,
      "swapped_authors": 20,
      "preprint_as_published": 0,
      "hybrid_fabrication": 0,
      "near_miss_title": 0,
      "plausible_fabrication": 0,
      "merged_citation": 0,
      "partial_author_list": 0,
      "arxiv_version_mismatch": 0,
      "VALID": 0,
      "UNCERTAIN": 0,
      "HALLUCINATED_unknown": 9
    },
    "future_date": {
      "fabricated_doi": 0,
      "nonexistent_venue": 0,
      "placeholder_authors": 0,
      "future_date": 29,
      "chimeric_title": 0,
      "wrong_venue": 0,
      "swapped_authors": 0,
      "preprint_as_published": 0,
      "hybrid_fabrication": 0,
      "near_miss_title": 0,
      "plausible_fabrication": 0,
      "merged_citation": 0,
      "partial_author_list": 0,
      "arxiv_version_mismatch": 0,
      "VALID": 0,
      "UNCERTAIN": 0,
      "HALLUCINATED_unknown": 0
    },
    "chimeric_title": {
      "fabricated_doi": 5,
      "nonexistent_venue": 0,
      "placeholder_authors": 0,
      "future_date": 0,
      "chimeric_title": 0,
      "wrong_venue": 0,
      "swapped_authors": 0,
      "preprint_as_published": 0,
      "hybrid_fabrication": 6,
      "near_miss_title": 0,
      "plausible_fabrication": 0,
      "merged_citation": 0,
      "partial_author_list": 0,
      "arxiv_version_mismatch": 0,
      "VALID": 2,
      "UNCERTAIN": 0,
      "HALLUCINATED_unknown": 11
    },
    "wrong_venue": {
      "fabricated_doi": 5,
      "nonexistent_venue": 0,
      "placeholder_authors": 0,
      "future_date": 0,
      "chimeric_title": 0,
      "wrong_venue": 22,
      "swapped_authors": 0,
      "preprint_as_published": 1,
      "hybrid_fabrication": 0,
      "near_miss_title": 0,
      "plausible_fabrication": 0,
      "merged_citation": 2,
      "partial_author_list": 0,
      "arxiv_version_mismatch": 0,
      "VALID": 0,
      "UNCERTAIN": 0,
      "HALLUCINATED_unknown": 6
    },
    "swapped_authors": {
      "fabricated_doi": 3,
      "nonexistent_venue": 0,
      "placeholder_authors": 0,
      "future_date": 2,
      "chimeric_title": 0,
      "wrong_venue": 2,
      "swapped_authors": 24,
      "preprint_as_published": 2,
      "hybrid_fabrication": 6,
      "near_miss_title": 0,
      "plausible_fabrication": 0,
      "merged_citation": 1,
      "partial_author_list": 0,
      "arxiv_version_mismatch": 1,
      "VALID": 4,
      "UNCERTAIN": 0,
      "HALLUCINATED_unknown": 11
    },
    "preprint_as_published": {
      "fabricated_doi": 1,
      "nonexistent_venue": 0,
      "placeholder_authors": 0,
      "future_date": 0,
      "chimeric_title": 0,
      "wrong_venue": 23,
      "swapped_authors": 0,