{
  "tool_name": "cascade_db_diagnosis",
  "split_name": "test_public",
  "num_entries": 831,
  "num_hallucinated": 519,
  "num_valid": 312,
  "detection_rate": 0.9904076738609112,
  "false_positive_rate": 0.11186440677966102,
  "f1_hallucination": 0.9571263035921205,
  "tier_weighted_f1": 0.9725442342892007,
  "mcc": 0.8946103999398062,
  "macro_f1": 0.9455863247015861,
  "union_recall_at_k": {},
  "temporal_robustness": null,
  "cost_efficiency": 0.06202311494489059,
  "mean_api_calls": 1.5294825511432009,
  "ece": 0.08098314606741576,
  "auroc": 0.9505995203836931,
  "auprc": 0.9460029495982868,
  "num_uncertain": 119,
  "tier3_f1": 0.8340807174887892,
  "detection_rate_ci": null,
  "f1_hallucination_ci": null,
  "tier_weighted_f1_ci": null,
  "fpr_ci": null,
  "ece_ci": null,
  "mcc_ci": null,
  "tier3_f1_ci": null,
  "per_tier_metrics": {
    "1": {
      "detection_rate": 1.0,
      "false_positive_rate": 0.11186440677966102,
      "f1": 0.8808664259927798,
      "precision": 0.7870967741935484,
      "num_hallucinated": 130,
      "num_valid": 312
    },
    "2": {
      "detection_rate": 1.0,
      "false_positive_rate": 0.11186440677966102,
      "f1": 0.923076923076923,
      "precision": 0.8571428571428571,
      "num_hallucinated": 238,
      "num_valid": 312
    },
    "3": {
      "detection_rate": 0.9587628865979382,
      "false_positive_rate": 0.11186440677966102,
      "f1": 0.8340807174887892,
      "precision": 0.7380952380952381,
      "num_hallucinated": 151,
      "num_valid": 312
    }
  },
  "per_type_metrics": {
    "arxiv_version_mismatch": {
      "detection_rate": 1.0,
      "false_positive_rate": 0.0,
      "f1": 1.0,
      "count": 45
    },
    "chimeric_title": {
      "detection_rate": 1.0,
      "false_positive_rate": 0.0,
      "f1": 1.0,
      "count": 23
    },
    "fabricated_doi": {
      "detection_rate": 1.0,
      "false_positive_rate": 0.0,
      "f1": 1.0,
      "count": 29
    },
    "future_date": {
      "detection_rate": 1.0,
      "false_positive_rate": 0.0,
      "f1": 1.0,
      "count": 29
    },
    "hybrid_fabrication": {
      "detection_rate": 1.0,
      "false_positive_rate": 0.0,
      "f1": 1.0,
      "count": 29
    },
    "merged_citation": {
      "detection_rate": 1.0,
      "false_positive_rate": 0.0,
      "f1": 1.0,
      "count": 29
    },
    "near_miss_title": {
      "detection_rate": 0.8666666666666667,
      "false_positive_rate": 0.0,
      "f1": 0.9285714285714286,
      "count": 40
    },
    "nonexistent_venue": {
      "detection_rate": 1.0,
      "false_positive_rate": 0.0,
      "f1": 1.0,
      "count": 37
    },
    "partial_author_list": {
      "detection_rate": 1.0,
      "false_positive_rate": 0.0,
      "f1": 1.0,
      "count": 31
    },
    "placeholder_authors": {
      "detection_rate": 1.0,
      "false_positive_rate": 0.0,
      "f1": 1.0,
      "count": 35
    },
    "plausible_fabrication": {
      "detection_rate": 1.0,
      "false_positive_rate": 0.0,
      "f1": 1.0,
      "count": 66
    },
    "preprint_as_published": {
      "detection_rate": 1.0,
      "false_positive_rate": 0.0,
      "f1": 1.0,
      "count": 29
    },
    "swapped_authors": {
      "detection_rate": 1.0,
      "false_positive_rate": 0.0,
      "f1": 1.0,
      "count": 63
    },
    "valid": {
      "detection_rate": 0.0,
      "false_positive_rate": 0.11186440677966102,
      "f1": 0.0,
      "count": 312
    },
    "wrong_venue": {
      "detection_rate": 1.0,
      "false_positive_rate": 0.0,
      "f1": 1.0,
      "count": 34
    }
  },
  "coverage": 1.0,
  "coverage_adjusted_f1": 0.9571263035921205,
  "type_accuracy": {
    "overall": 0.375,
    "main_types_only": 0.4624505928853755,
    "stress_test_only": 0.0,
    "num_evaluated": 312.0,
    "num_correct": 117.0,
    "tier_1": 0.58,
    "tier_2": 0.39864864864864863,
    "tier_3": 0.0
  },
  "type_confusion": {
    "fabricated_doi": {
      "fabricated_doi": 29,
      "nonexistent_venue": 0,
      "placeholder_authors": 0,
      "future_date": 0,
      "chimeric_title": 0,
      "wrong_venue": 0,
      "swapped_authors": 0,
      "preprint_as_published": 0,
      "hybrid_fabrication": 0,
      "near_miss_title": 0,
      "plausible_fabrication": 0,
      "merged_citation": 0,
      "partial_author_list": 0,
      "arxiv_version_mismatch": 0,
      "VALID": 0,
      "UNCERTAIN": 0,
      "HALLUCINATED_unknown": 0
    },
    "nonexistent_venue": {
      "fabricated_doi": 0,
      "nonexistent_venue": 0,
      "placeholder_authors": 0,
      "future_date": 0,
      "chimeric_title": 0,
      "wrong_venue": 16,
      "swapped_authors": 1,
      "preprint_as_published": 0,
      "hybrid_fabrication": 0,
      "near_miss_title": 0,
      "plausible_fabrication": 0,
      "merged_citation": 0,
      "partial_author_list": 0,
      "arxiv_version_mismatch": 0,
      "VALID": 0,
      "UNCERTAIN": 4,
      "HALLUCINATED_unknown": 16
    },
    "placeholder_authors": {
      "fabricated_doi": 0,
      "nonexistent_venue": 0,
      "placeholder_authors": 0,
      "future_date": 0,
      "chimeric_title": 0,
      "wrong_venue": 0,
      "swapped_authors": 25,
      "preprint_as_published": 0,
      "hybrid_fabrication": 0,
      "near_miss_title": 0,
      "plausible_fabrication": 0,
      "merged_citation": 0,
      "partial_author_list": 0,
      "arxiv_version_mismatch": 0,
      "VALID": 0,
      "UNCERTAIN": 4,
      "HALLUCINATED_unknown": 6
    },
    "future_date": {
      "fabricated_doi": 0,
      "nonexistent_venue": 0,
      "placeholder_authors": 0,
      "future_date": 29,
      "chimeric_title": 0,
      "wrong_venue": 0,
      "swapped_authors": 0,
      "preprint_as_published": 0,
      "hybrid_fabrication": 0,
      "near_miss_title": 0,
      "plausible_fabrication": 0,
      "merged_citation": 0,
      "partial_author_list": 0,
      "arxiv_version_mismatch": 0,
      "VALID": 0,
      "UNCERTAIN": 0,
      "HALLUCINATED_unknown": 0
    },
    "chimeric_title": {
      "fabricated_doi": 0,
      "nonexistent_venue": 0,
      "placeholder_authors": 0,
      "future_date": 0,
      "chimeric_title": 0,
      "wrong_venue": 0,
      "swapped_authors": 2,
      "preprint_as_published": 0,
      "hybrid_fabrication": 11,
      "near_miss_title": 0,
      "plausible_fabrication": 0,
      "merged_citation": 0,
      "partial_author_list": 0,
      "arxiv_version_mismatch": 0,
      "VALID": 0,
      "UNCERTAIN": 9,
      "HALLUCINATED_unknown": 1
    },
    "wrong_venue": {
      "fabricated_doi": 0,
      "nonexistent_venue": 0,
      "placeholder_authors": 0,
      "future_date": 0,
      "chimeric_title": 0,
      "wrong_venue": 21,
      "swapped_authors": 1,
      "preprint_as_published": 0,
      "hybrid_fabrication": 1,
      "near_miss_title": 0,
      "plausible_fabrication": 0,
      "merged_citation": 0,
      "partial_author_list": 0,
      "arxiv_version_mismatch": 0,
      "VALID": 0,
      "UNCERTAIN": 3,
      "HALLUCINATED_unknown": 8
    },
    "swapped_authors": {
      "fabricated_doi": 2,
      "nonexistent_venue": 0,
      "placeholder_authors": 0,
      "future_date": 0,
      "chimeric_title": 1,
      "wrong_venue": 0,
      "swapped_authors": 37,
      "preprint_as_published": 0,
      "hybrid_fabrication": 12,
      "near_miss_title": 0,
      "plausible_fabrication": 0,
      "merged_citation": 0,
      "partial_author_list": 0,
      "arxiv_version_mismatch": 0,
      "VALID": 0,
      "UNCERTAIN": 3,
      "HALLUCINATED_unknown": 8
    },
    "preprint_as_published": {
      "fabricated_doi": 0,
      "nonexistent_venue": 0,
      "placeholder_authors": 0,
      "future_date": 0,
      "chimeric_title": 0,
      "wrong_venue": 19,
      "swapped_authors": 1,
      "preprint_as_published": 0,
      "hybrid_fabrication": 0,
      "near_miss_title": 0,
      "plausible_fabrication": 0,
      "merged_citation": 0,
      "partial_author_list": 0,
      "arxiv_version_mismatch": 0,