{
  "tool_name": "cascade_db_diagnosis",
  "split_name": "dev_public",
  "num_entries": 1119,
  "num_hallucinated": 606,
  "num_valid": 513,
  "detection_rate": 0.9959100204498977,
  "false_positive_rate": 0.10816326530612246,
  "f1_hallucination": 0.946550048590865,
  "tier_weighted_f1": 0.9699481865284973,
  "mcc": 0.8925086278296889,
  "macro_f1": 0.9436733020134089,
  "union_recall_at_k": {},
  "temporal_robustness": null,
  "cost_efficiency": 0.03163934887911444,
  "mean_api_calls": 1.38248436103664,
  "ece": 0.0788866189989786,
  "auroc": 0.9517465882058345,
  "auprc": 0.9216930022087115,
  "num_uncertain": 140,
  "tier3_f1": 0.8,
  "detection_rate_ci": null,
  "f1_hallucination_ci": null,
  "tier_weighted_f1_ci": null,
  "fpr_ci": null,
  "ece_ci": null,
  "mcc_ci": null,
  "tier3_f1_ci": null,
  "per_tier_metrics": {
    "1": {
      "detection_rate": 1.0,
      "false_positive_rate": 0.10816326530612246,
      "f1": 0.846376811594203,
      "precision": 0.7336683417085427,
      "num_hallucinated": 149,
      "num_valid": 513
    },
    "2": {
      "detection_rate": 0.9957264957264957,
      "false_positive_rate": 0.10816326530612246,
      "f1": 0.8961538461538462,
      "precision": 0.8146853146853147,
      "num_hallucinated": 280,
      "num_valid": 513
    },
    "3": {
      "detection_rate": 0.9908256880733946,
      "false_positive_rate": 0.10816326530612246,
      "f1": 0.8,
      "precision": 0.6708074534161491,
      "num_hallucinated": 177,
      "num_valid": 513
    }
  },
  "per_type_metrics": {
    "arxiv_version_mismatch": {
      "detection_rate": 1.0,
      "false_positive_rate": 0.0,
      "f1": 1.0,
      "count": 49
    },
    "chimeric_title": {
      "detection_rate": 1.0,
      "false_positive_rate": 0.0,
      "f1": 1.0,
      "count": 47
    },
    "fabricated_doi": {
      "detection_rate": 1.0,
      "false_positive_rate": 0.0,
      "f1": 1.0,
      "count": 39
    },
    "future_date": {
      "detection_rate": 1.0,
      "false_positive_rate": 0.0,
      "f1": 1.0,
      "count": 30
    },
    "hybrid_fabrication": {
      "detection_rate": 1.0,
      "false_positive_rate": 0.0,
      "f1": 1.0,
      "count": 26
    },
    "merged_citation": {
      "detection_rate": 1.0,
      "false_positive_rate": 0.0,
      "f1": 1.0,
      "count": 30
    },
    "near_miss_title": {
      "detection_rate": 0.975609756097561,
      "false_positive_rate": 0.0,
      "f1": 0.9876543209876543,
      "count": 52
    },
    "nonexistent_venue": {
      "detection_rate": 1.0,
      "false_positive_rate": 0.0,
      "f1": 1.0,
      "count": 39
    },
    "partial_author_list": {
      "detection_rate": 0.9473684210526315,
      "false_positive_rate": 0.0,
      "f1": 0.972972972972973,
      "count": 32
    },
    "placeholder_authors": {
      "detection_rate": 1.0,
      "false_positive_rate": 0.0,
      "f1": 1.0,
      "count": 41
    },
    "plausible_fabrication": {
      "detection_rate": 1.0,
      "false_positive_rate": 0.0,
      "f1": 1.0,
      "count": 76
    },
    "preprint_as_published": {
      "detection_rate": 1.0,
      "false_positive_rate": 0.0,
      "f1": 1.0,
      "count": 31
    },
    "swapped_authors": {
      "detection_rate": 1.0,
      "false_positive_rate": 0.0,
      "f1": 1.0,
      "count": 67
    },
    "valid": {
      "detection_rate": 0.0,
      "false_positive_rate": 0.10816326530612246,
      "f1": 0.0,
      "count": 513
    },
    "wrong_venue": {
      "detection_rate": 1.0,
      "false_positive_rate": 0.0,
      "f1": 1.0,
      "count": 47
    }
  },
  "coverage": 1.0,
  "coverage_adjusted_f1": 0.946550048590865,
  "type_accuracy": {
    "overall": 0.3641304347826087,
    "main_types_only": 0.43790849673202614,
    "stress_test_only": 0.0,
    "num_evaluated": 368.0,
    "num_correct": 134.0,
    "tier_1": 0.5476190476190477,
    "tier_2": 0.3672316384180791,
    "tier_3": 0.0
  },
  "type_confusion": {
    "fabricated_doi": {
      "fabricated_doi": 39,
      "nonexistent_venue": 0,
      "placeholder_authors": 0,
      "future_date": 0,
      "chimeric_title": 0,
      "wrong_venue": 0,
      "swapped_authors": 0,
      "preprint_as_published": 0,
      "hybrid_fabrication": 0,
      "near_miss_title": 0,
      "plausible_fabrication": 0,
      "merged_citation": 0,
      "partial_author_list": 0,
      "arxiv_version_mismatch": 0,
      "VALID": 0,
      "UNCERTAIN": 0,
      "HALLUCINATED_unknown": 0
    },
    "nonexistent_venue": {
      "fabricated_doi": 0,
      "nonexistent_venue": 0,
      "placeholder_authors": 0,
      "future_date": 0,
      "chimeric_title": 0,
      "wrong_venue": 12,
      "swapped_authors": 5,
      "preprint_as_published": 0,
      "hybrid_fabrication": 0,
      "near_miss_title": 0,
      "plausible_fabrication": 0,
      "merged_citation": 0,
      "partial_author_list": 0,
      "arxiv_version_mismatch": 0,
      "VALID": 0,
      "UNCERTAIN": 2,
      "HALLUCINATED_unknown": 20
    },
    "placeholder_authors": {
      "fabricated_doi": 0,
      "nonexistent_venue": 0,
      "placeholder_authors": 0,
      "future_date": 0,
      "chimeric_title": 0,
      "wrong_venue": 0,
      "swapped_authors": 40,
      "preprint_as_published": 0,
      "hybrid_fabrication": 0,
      "near_miss_title": 0,
      "plausible_fabrication": 0,
      "merged_citation": 0,
      "partial_author_list": 0,
      "arxiv_version_mismatch": 0,
      "VALID": 0,
      "UNCERTAIN": 1,
      "HALLUCINATED_unknown": 0
    },
    "future_date": {
      "fabricated_doi": 0,
      "nonexistent_venue": 0,
      "placeholder_authors": 0,
      "future_date": 30,
      "chimeric_title": 0,
      "wrong_venue": 0,
      "swapped_authors": 0,
      "preprint_as_published": 0,
      "hybrid_fabrication": 0,
      "near_miss_title": 0,
      "plausible_fabrication": 0,
      "merged_citation": 0,
      "partial_author_list": 0,
      "arxiv_version_mismatch": 0,
      "VALID": 0,
      "UNCERTAIN": 0,
      "HALLUCINATED_unknown": 0
    },
    "chimeric_title": {
      "fabricated_doi": 0,
      "nonexistent_venue": 0,
      "placeholder_authors": 0,
      "future_date": 0,
      "chimeric_title": 0,
      "wrong_venue": 0,
      "swapped_authors": 2,
      "preprint_as_published": 0,
      "hybrid_fabrication": 24,
      "near_miss_title": 0,
      "plausible_fabrication": 0,
      "merged_citation": 0,
      "partial_author_list": 0,
      "arxiv_version_mismatch": 0,
      "VALID": 0,
      "UNCERTAIN": 12,
      "HALLUCINATED_unknown": 9
    },
    "wrong_venue": {
      "fabricated_doi": 1,
      "nonexistent_venue": 0,
      "placeholder_authors": 0,
      "future_date": 0,
      "chimeric_title": 0,
      "wrong_venue": 15,
      "swapped_authors": 1,
      "preprint_as_published": 0,
      "hybrid_fabrication": 4,
      "near_miss_title": 0,
      "plausible_fabrication": 0,
      "merged_citation": 0,
      "partial_author_list": 0,
      "arxiv_version_mismatch": 0,
      "VALID": 0,
      "UNCERTAIN": 6,
      "HALLUCINATED_unknown": 20
    },
    "swapped_authors": {
      "fabricated_doi": 2,
      "nonexistent_venue": 0,
      "placeholder_authors": 0,
      "future_date": 0,
      "chimeric_title": 0,
      "wrong_venue": 0,
      "swapped_authors": 49,
      "preprint_as_published": 0,
      "hybrid_fabrication": 13,
      "near_miss_title": 0,
      "plausible_fabrication": 0,
      "merged_citation": 0,
      "partial_author_list": 0,
      "arxiv_version_mismatch": 0,
      "VALID": 0,
      "UNCERTAIN": 0,
      "HALLUCINATED_unknown": 3
    },
    "preprint_as_published": {
      "fabricated_doi": 0,
      "nonexistent_venue": 0,
      "placeholder_authors": 0,
      "future_date": 0,
      "chimeric_title": 0,
      "wrong_venue": 19,
      "swapped_authors": 1,
      "preprint_as_published": 0,
      "hybrid_fabrication": 0,
      "near_miss_title": 0,
      "plausible_fabrication": 0,
      "merged_citation": 0,
      "partial_author_list": 0,