{
  "tool_name": "cascade_db_diagnosis",
  "split_name": "dev_public",
  "num_entries": 1119,
  "num_hallucinated": 633,
  "num_valid": 486,
  "detection_rate": 0.9758771929824561,
  "false_positive_rate": 0.5590062111801242,
  "f1_hallucination": 0.7600341588385996,
  "tier_weighted_f1": 0.8537431829449678,
  "mcc": 0.48885563066819215,
  "macro_f1": 0.6812900638606011,
  "union_recall_at_k": {},
  "temporal_robustness": null,
  "cost_efficiency": 0.09215776662088042,
  "mean_api_calls": 2.543342269883825,
  "ece": 0.18042868654597077,
  "auroc": 0.8330427518070539,
  "auprc": 0.7750982940948244,
  "num_uncertain": 180,
  "tier3_f1": 0.41702127659574467,
  "detection_rate_ci": null,
  "f1_hallucination_ci": null,
  "tier_weighted_f1_ci": null,
  "fpr_ci": null,
  "ece_ci": null,
  "mcc_ci": null,
  "tier3_f1_ci": null,
  "per_tier_metrics": {
    "1": {
      "detection_rate": 0.9921875,
      "false_positive_rate": 0.5590062111801242,
      "f1": 0.4838095238095238,
      "precision": 0.3198992443324937,
      "num_hallucinated": 154,
      "num_valid": 486
    },
    "2": {
      "detection_rate": 0.9734513274336283,
      "false_positive_rate": 0.5590062111801242,
      "f1": 0.6145251396648044,
      "precision": 0.4489795918367347,
      "num_hallucinated": 292,
      "num_valid": 486
    },
    "3": {
      "detection_rate": 0.9607843137254902,
      "false_positive_rate": 0.5590062111801242,
      "f1": 0.41702127659574467,
      "precision": 0.266304347826087,
      "num_hallucinated": 187,
      "num_valid": 486
    }
  },
  "per_type_metrics": {
    "arxiv_version_mismatch": {
      "detection_rate": 0.9565217391304348,
      "false_positive_rate": 0.0,
      "f1": 0.9777777777777777,
      "count": 30
    },
    "chimeric_title": {
      "detection_rate": 1.0,
      "false_positive_rate": 0.0,
      "f1": 1.0,
      "count": 43
    },
    "fabricated_doi": {
      "detection_rate": 0.9736842105263158,
      "false_positive_rate": 0.0,
      "f1": 0.9866666666666666,
      "count": 39
    },
    "future_date": {
      "detection_rate": 1.0,
      "false_positive_rate": 0.0,
      "f1": 1.0,
      "count": 30
    },
    "hybrid_fabrication": {
      "detection_rate": 0.9393939393939394,
      "false_positive_rate": 0.0,
      "f1": 0.96875,
      "count": 45
    },
    "merged_citation": {
      "detection_rate": 1.0,
      "false_positive_rate": 0.0,
      "f1": 1.0,
      "count": 30
    },
    "near_miss_title": {
      "detection_rate": 0.9615384615384616,
      "false_positive_rate": 0.0,
      "f1": 0.9803921568627451,
      "count": 41
    },
    "nonexistent_venue": {
      "detection_rate": 1.0,
      "false_positive_rate": 0.0,
      "f1": 1.0,
      "count": 40
    },
    "partial_author_list": {
      "detection_rate": 0.9666666666666667,
      "false_positive_rate": 0.0,
      "f1": 0.983050847457627,
      "count": 30
    },
    "placeholder_authors": {
      "detection_rate": 1.0,
      "false_positive_rate": 0.0,
      "f1": 1.0,
      "count": 45
    },
    "plausible_fabrication": {
      "detection_rate": 0.9622641509433962,
      "false_positive_rate": 0.0,
      "f1": 0.9807692307692307,
      "count": 116
    },
    "preprint_as_published": {
      "detection_rate": 1.0,
      "false_positive_rate": 0.0,
      "f1": 1.0,
      "count": 31
    },
    "swapped_authors": {
      "detection_rate": 0.9615384615384616,
      "false_positive_rate": 0.0,
      "f1": 0.9803921568627451,
      "count": 67
    },
    "valid": {
      "detection_rate": 0.0,
      "false_positive_rate": 0.5590062111801242,
      "f1": 0.0,
      "count": 486
    },
    "wrong_venue": {
      "detection_rate": 0.9743589743589743,
      "false_positive_rate": 0.0,
      "f1": 0.9870129870129869,
      "count": 46
    }
  },
  "coverage": 1.0,
  "coverage_adjusted_f1": 0.7600341588385996,
  "type_accuracy": {
    "overall": 0.3105022831050228,
    "main_types_only": 0.3685636856368564,
    "stress_test_only": 0.0,
    "num_evaluated": 438.0,
    "num_correct": 136.0,
    "tier_1": 0.528,
    "tier_2": 0.2764976958525346,
    "tier_3": 0.10416666666666667
  },
  "type_confusion": {
    "fabricated_doi": {
      "fabricated_doi": 35,
      "nonexistent_venue": 0,
      "placeholder_authors": 0,
      "future_date": 0,
      "chimeric_title": 1,
      "wrong_venue": 0,
      "swapped_authors": 0,
      "preprint_as_published": 0,
      "hybrid_fabrication": 1,
      "near_miss_title": 0,
      "plausible_fabrication": 0,
      "merged_citation": 0,
      "partial_author_list": 0,
      "arxiv_version_mismatch": 0,
      "VALID": 1,
      "UNCERTAIN": 1,
      "HALLUCINATED_unknown": 0
    },
    "nonexistent_venue": {
      "fabricated_doi": 9,
      "nonexistent_venue": 0,
      "placeholder_authors": 0,
      "future_date": 0,
      "chimeric_title": 0,
      "wrong_venue": 20,
      "swapped_authors": 0,
      "preprint_as_published": 0,
      "hybrid_fabrication": 0,
      "near_miss_title": 0,
      "plausible_fabrication": 0,
      "merged_citation": 0,
      "partial_author_list": 0,
      "arxiv_version_mismatch": 0,
      "VALID": 0,
      "UNCERTAIN": 9,
      "HALLUCINATED_unknown": 2
    },
    "placeholder_authors": {
      "fabricated_doi": 11,
      "nonexistent_venue": 0,
      "placeholder_authors": 1,
      "future_date": 0,
      "chimeric_title": 0,
      "wrong_venue": 0,
      "swapped_authors": 17,
      "preprint_as_published": 0,
      "hybrid_fabrication": 0,
      "near_miss_title": 0,
      "plausible_fabrication": 0,
      "merged_citation": 0,
      "partial_author_list": 0,
      "arxiv_version_mismatch": 0,
      "VALID": 0,
      "UNCERTAIN": 16,
      "HALLUCINATED_unknown": 0
    },
    "future_date": {
      "fabricated_doi": 0,
      "nonexistent_venue": 0,
      "placeholder_authors": 0,
      "future_date": 30,
      "chimeric_title": 0,
      "wrong_venue": 0,
      "swapped_authors": 0,
      "preprint_as_published": 0,
      "hybrid_fabrication": 0,
      "near_miss_title": 0,
      "plausible_fabrication": 0,
      "merged_citation": 0,
      "partial_author_list": 0,
      "arxiv_version_mismatch": 0,
      "VALID": 0,
      "UNCERTAIN": 0,
      "HALLUCINATED_unknown": 0
    },
    "chimeric_title": {
      "fabricated_doi": 10,
      "nonexistent_venue": 0,
      "placeholder_authors": 0,
      "future_date": 0,
      "chimeric_title": 3,
      "wrong_venue": 0,
      "swapped_authors": 2,
      "preprint_as_published": 0,
      "hybrid_fabrication": 14,
      "near_miss_title": 0,
      "plausible_fabrication": 0,
      "merged_citation": 0,
      "partial_author_list": 0,
      "arxiv_version_mismatch": 0,
      "VALID": 0,
      "UNCERTAIN": 13,
      "HALLUCINATED_unknown": 1
    },
    "wrong_venue": {
      "fabricated_doi": 13,
      "nonexistent_venue": 0,
      "placeholder_authors": 0,
      "future_date": 0,
      "chimeric_title": 0,
      "wrong_venue": 23,
      "swapped_authors": 1,
      "preprint_as_published": 0,
      "hybrid_fabrication": 1,
      "near_miss_title": 0,
      "plausible_fabrication": 0,
      "merged_citation": 0,
      "partial_author_list": 0,
      "arxiv_version_mismatch": 0,
      "VALID": 1,
      "UNCERTAIN": 7,
      "HALLUCINATED_unknown": 0
    },
    "swapped_authors": {
      "fabricated_doi": 2,
      "nonexistent_venue": 0,
      "placeholder_authors": 1,
      "future_date": 2,
      "chimeric_title": 0,
      "wrong_venue": 6,
      "swapped_authors": 22,
      "preprint_as_published": 3,
      "hybrid_fabrication": 12,
      "near_miss_title": 1,
      "plausible_fabrication": 0,
      "merged_citation": 1,
      "partial_author_list": 0,
      "arxiv_version_mismatch": 0,
      "VALID": 2,
      "UNCERTAIN": 15,
      "HALLUCINATED_unknown": 0
    },
    "preprint_as_published": {
      "fabricated_doi": 0,
      "nonexistent_venue": 0,
      "placeholder_authors": 0,
      "future_date": 0,
      "chimeric_title": 0,
      "wrong_venue": 23,