{
  "tool_name": "cascade_db_diagnosis_aggressive",
  "split_name": "test_public",
  "num_entries": 831,
  "num_hallucinated": 519,
  "num_valid": 312,
  "detection_rate": 0.976878612716763,
  "false_positive_rate": 0.5,
  "f1_hallucination": 0.8578680203045684,
  "tier_weighted_f1": 0.9182222222222223,
  "mcc": 0.5749861931052096,
  "macro_f1": 0.7539340101522842,
  "union_recall_at_k": {},
  "temporal_robustness": null,
  "cost_efficiency": 0.1118151827511405,
  "mean_api_calls": 2.6197352587244285,
  "ece": 0.10562334536702765,
  "auroc": 0.804615443738471,
  "auprc": 0.8570400665864558,
  "num_uncertain": 0,
  "tier3_f1": 0.7068965517241379,
  "detection_rate_ci": null,
  "f1_hallucination_ci": null,
  "tier_weighted_f1_ci": null,
  "fpr_ci": null,
  "ece_ci": null,
  "mcc_ci": null,
  "tier3_f1_ci": null,
  "per_tier_metrics": {
    "1": {
      "detection_rate": 0.9924242424242424,
      "false_positive_rate": 0.5,
      "f1": 0.6649746192893401,
      "precision": 0.5,
      "num_hallucinated": 132,
      "num_valid": 312
    },
    "2": {
      "detection_rate": 0.9741379310344828,
      "false_positive_rate": 0.5,
      "f1": 0.7757774140752864,
      "precision": 0.6440217391304348,
      "num_hallucinated": 232,
      "num_valid": 312
    },
    "3": {
      "detection_rate": 0.967741935483871,
      "false_positive_rate": 0.5,
      "f1": 0.7068965517241379,
      "precision": 0.5559322033898305,
      "num_hallucinated": 155,
      "num_valid": 312
    }
  },
  "per_type_metrics": {
    "arxiv_version_mismatch": {
      "detection_rate": 1.0,
      "false_positive_rate": 0.0,
      "f1": 1.0,
      "count": 28
    },
    "chimeric_title": {
      "detection_rate": 0.9166666666666666,
      "false_positive_rate": 0.0,
      "f1": 0.9565217391304348,
      "count": 24
    },
    "fabricated_doi": {
      "detection_rate": 0.9655172413793104,
      "false_positive_rate": 0.0,
      "f1": 0.9824561403508771,
      "count": 29
    },
    "future_date": {
      "detection_rate": 1.0,
      "false_positive_rate": 0.0,
      "f1": 1.0,
      "count": 29
    },
    "hybrid_fabrication": {
      "detection_rate": 1.0,
      "false_positive_rate": 0.0,
      "f1": 1.0,
      "count": 40
    },
    "merged_citation": {
      "detection_rate": 1.0,
      "false_positive_rate": 0.0,
      "f1": 1.0,
      "count": 29
    },
    "near_miss_title": {
      "detection_rate": 0.9736842105263158,
      "false_positive_rate": 0.0,
      "f1": 0.9866666666666666,
      "count": 38
    },
    "nonexistent_venue": {
      "detection_rate": 1.0,
      "false_positive_rate": 0.0,
      "f1": 1.0,
      "count": 38
    },
    "partial_author_list": {
      "detection_rate": 1.0,
      "false_positive_rate": 0.0,
      "f1": 1.0,
      "count": 29
    },
    "placeholder_authors": {
      "detection_rate": 1.0,
      "false_positive_rate": 0.0,
      "f1": 1.0,
      "count": 36
    },
    "plausible_fabrication": {
      "detection_rate": 0.9611650485436893,
      "false_positive_rate": 0.0,
      "f1": 0.9801980198019802,
      "count": 103
    },
    "preprint_as_published": {
      "detection_rate": 1.0,
      "false_positive_rate": 0.0,
      "f1": 1.0,
      "count": 29
    },
    "swapped_authors": {
      "detection_rate": 0.9285714285714286,
      "false_positive_rate": 0.0,
      "f1": 0.962962962962963,
      "count": 56
    },
    "valid": {
      "detection_rate": 0.0,
      "false_positive_rate": 0.5,
      "f1": 0.0,
      "count": 312
    },
    "wrong_venue": {
      "detection_rate": 1.0,
      "false_positive_rate": 0.0,
      "f1": 1.0,
      "count": 36
    }
  },
  "coverage": 1.0,
  "coverage_adjusted_f1": 0.8815244407622205,
  "type_accuracy": {
    "overall": 0.3479923518164436,
    "main_types_only": 0.408675799086758,
    "stress_test_only": 0.03529411764705882,
    "num_evaluated": 523.0,
    "num_correct": 182.0,
    "tier_1": 0.40458015267175573,
    "tier_2": 0.2875536480686695,
    "tier_3": 0.389937106918239
  },
  "type_confusion": {
    "fabricated_doi": {
      "fabricated_doi": 24,
      "nonexistent_venue": 0,
      "placeholder_authors": 0,
      "future_date": 0,
      "chimeric_title": 0,
      "wrong_venue": 0,
      "swapped_authors": 2,
      "preprint_as_published": 1,
      "hybrid_fabrication": 0,
      "near_miss_title": 0,
      "plausible_fabrication": 1,
      "merged_citation": 0,
      "partial_author_list": 0,
      "arxiv_version_mismatch": 0,
      "VALID": 1,
      "UNCERTAIN": 0,
      "HALLUCINATED_unknown": 0
    },
    "nonexistent_venue": {
      "fabricated_doi": 11,
      "nonexistent_venue": 0,
      "placeholder_authors": 0,
      "future_date": 0,
      "chimeric_title": 0,
      "wrong_venue": 26,
      "swapped_authors": 0,
      "preprint_as_published": 0,
      "hybrid_fabrication": 0,
      "near_miss_title": 0,
      "plausible_fabrication": 1,
      "merged_citation": 0,
      "partial_author_list": 0,
      "arxiv_version_mismatch": 0,
      "VALID": 0,
      "UNCERTAIN": 0,
      "HALLUCINATED_unknown": 0
    },
    "placeholder_authors": {
      "fabricated_doi": 6,
      "nonexistent_venue": 0,
      "placeholder_authors": 0,
      "future_date": 0,
      "chimeric_title": 0,
      "wrong_venue": 0,
      "swapped_authors": 22,
      "preprint_as_published": 0,
      "hybrid_fabrication": 0,
      "near_miss_title": 0,
      "plausible_fabrication": 8,
      "merged_citation": 0,
      "partial_author_list": 0,
      "arxiv_version_mismatch": 0,
      "VALID": 0,
      "UNCERTAIN": 0,
      "HALLUCINATED_unknown": 0
    },
    "future_date": {
      "fabricated_doi": 0,
      "nonexistent_venue": 0,
      "placeholder_authors": 0,
      "future_date": 29,
      "chimeric_title": 0,
      "wrong_venue": 0,
      "swapped_authors": 0,
      "preprint_as_published": 0,
      "hybrid_fabrication": 0,
      "near_miss_title": 0,
      "plausible_fabrication": 0,
      "merged_citation": 0,
      "partial_author_list": 0,
      "arxiv_version_mismatch": 0,
      "VALID": 0,
      "UNCERTAIN": 0,
      "HALLUCINATED_unknown": 0
    },
    "chimeric_title": {
      "fabricated_doi": 5,
      "nonexistent_venue": 0,
      "placeholder_authors": 0,
      "future_date": 0,
      "chimeric_title": 0,
      "wrong_venue": 0,
      "swapped_authors": 0,
      "preprint_as_published": 0,
      "hybrid_fabrication": 6,
      "near_miss_title": 0,
      "plausible_fabrication": 10,
      "merged_citation": 0,
      "partial_author_list": 0,
      "arxiv_version_mismatch": 0,
      "VALID": 2,
      "UNCERTAIN": 0,
      "HALLUCINATED_unknown": 1
    },
    "wrong_venue": {
      "fabricated_doi": 5,
      "nonexistent_venue": 0,
      "placeholder_authors": 0,
      "future_date": 0,
      "chimeric_title": 0,
      "wrong_venue": 23,
      "swapped_authors": 0,
      "preprint_as_published": 1,
      "hybrid_fabrication": 1,
      "near_miss_title": 0,
      "plausible_fabrication": 5,
      "merged_citation": 1,
      "partial_author_list": 0,
      "arxiv_version_mismatch": 0,
      "VALID": 0,
      "UNCERTAIN": 0,
      "HALLUCINATED_unknown": 0
    },
    "swapped_authors": {
      "fabricated_doi": 3,
      "nonexistent_venue": 0,
      "placeholder_authors": 0,
      "future_date": 2,
      "chimeric_title": 0,
      "wrong_venue": 3,
      "swapped_authors": 25,
      "preprint_as_published": 0,
      "hybrid_fabrication": 7,
      "near_miss_title": 0,
      "plausible_fabrication": 8,
      "merged_citation": 2,
      "partial_author_list": 0,
      "arxiv_version_mismatch": 0,
      "VALID": 4,
      "UNCERTAIN": 0,
      "HALLUCINATED_unknown": 2
    },
    "preprint_as_published": {
      "fabricated_doi": 1,
      "nonexistent_venue": 0,
      "placeholder_authors": 0,
      "future_date": 0,
      "chimeric_title": 0,
      "wrong_venue": 24,
      "swapped_authors": 0,
      "preprint_as_published": 0,
      "hybrid_fabrication": 0,
      "near_miss_title": 0,