{
  "tool_name": "cascade_db_diagnosis_aggressive",
  "split_name": "dev_public",
  "num_entries": 1119,
  "num_hallucinated": 633,
  "num_valid": 486,
  "detection_rate": 0.9826224328593997,
  "false_positive_rate": 0.5596707818930041,
  "f1_hallucination": 0.8146692861820563,
  "tier_weighted_f1": 0.8956063268892794,
  "mcc": 0.5230590199396824,
  "macro_f1": 0.7083191719236582,
  "union_recall_at_k": {},
  "temporal_robustness": null,
  "cost_efficiency": 0.11037658189583088,
  "mean_api_calls": 2.5245755138516532,
  "ece": 0.18027834078045873,
  "auroc": 0.739903718006228,
  "auprc": 0.7743000120693722,
  "num_uncertain": 0,
  "tier3_f1": 0.5700934579439253,
  "detection_rate_ci": null,
  "f1_hallucination_ci": null,
  "tier_weighted_f1_ci": null,
  "fpr_ci": null,
  "ece_ci": null,
  "mcc_ci": null,
  "tier3_f1_ci": null,
  "per_tier_metrics": {
    "1": {
      "detection_rate": 0.9935064935064936,
      "false_positive_rate": 0.5596707818930041,
      "f1": 0.5284974093264249,
      "precision": 0.36,
      "num_hallucinated": 154,
      "num_valid": 486
    },
    "2": {
      "detection_rate": 0.9794520547945206,
      "false_positive_rate": 0.5596707818930041,
      "f1": 0.6729411764705882,
      "precision": 0.5125448028673835,
      "num_hallucinated": 292,
      "num_valid": 486
    },
    "3": {
      "detection_rate": 0.9786096256684492,
      "false_positive_rate": 0.5596707818930041,
      "f1": 0.5700934579439253,
      "precision": 0.4021978021978022,
      "num_hallucinated": 187,
      "num_valid": 486
    }
  },
  "per_type_metrics": {
    "arxiv_version_mismatch": {
      "detection_rate": 0.9666666666666667,
      "false_positive_rate": 0.0,
      "f1": 0.983050847457627,
      "count": 30
    },
    "chimeric_title": {
      "detection_rate": 1.0,
      "false_positive_rate": 0.0,
      "f1": 1.0,
      "count": 43
    },
    "fabricated_doi": {
      "detection_rate": 0.9743589743589743,
      "false_positive_rate": 0.0,
      "f1": 0.9870129870129869,
      "count": 39
    },
    "future_date": {
      "detection_rate": 1.0,
      "false_positive_rate": 0.0,
      "f1": 1.0,
      "count": 30
    },
    "hybrid_fabrication": {
      "detection_rate": 0.9555555555555556,
      "false_positive_rate": 0.0,
      "f1": 0.9772727272727273,
      "count": 45
    },
    "merged_citation": {
      "detection_rate": 1.0,
      "false_positive_rate": 0.0,
      "f1": 1.0,
      "count": 30
    },
    "near_miss_title": {
      "detection_rate": 0.975609756097561,
      "false_positive_rate": 0.0,
      "f1": 0.9876543209876543,
      "count": 41
    },
    "nonexistent_venue": {
      "detection_rate": 1.0,
      "false_positive_rate": 0.0,
      "f1": 1.0,
      "count": 40
    },
    "partial_author_list": {
      "detection_rate": 0.9666666666666667,
      "false_positive_rate": 0.0,
      "f1": 0.983050847457627,
      "count": 30
    },
    "placeholder_authors": {
      "detection_rate": 1.0,
      "false_positive_rate": 0.0,
      "f1": 1.0,
      "count": 45
    },
    "plausible_fabrication": {
      "detection_rate": 0.9827586206896551,
      "false_positive_rate": 0.0,
      "f1": 0.9913043478260869,
      "count": 116
    },
    "preprint_as_published": {
      "detection_rate": 1.0,
      "false_positive_rate": 0.0,
      "f1": 1.0,
      "count": 31
    },
    "swapped_authors": {
      "detection_rate": 0.9701492537313433,
      "false_positive_rate": 0.0,
      "f1": 0.9848484848484849,
      "count": 67
    },
    "valid": {
      "detection_rate": 0.0,
      "false_positive_rate": 0.5596707818930041,
      "f1": 0.0,
      "count": 486
    },
    "wrong_venue": {
      "detection_rate": 0.9782608695652174,
      "false_positive_rate": 0.0,
      "f1": 0.989010989010989,
      "count": 46
    }
  },
  "coverage": 1.0,
  "coverage_adjusted_f1": 0.8146692861820563,
  "type_accuracy": {
    "overall": 0.3295269168026101,
    "main_types_only": 0.376425855513308,
    "stress_test_only": 0.04597701149425287,
    "num_evaluated": 613.0,
    "num_correct": 202.0,
    "tier_1": 0.4304635761589404,
    "tier_2": 0.2508833922261484,
    "tier_3": 0.3687150837988827
  },
  "type_confusion": {
    "fabricated_doi": {
      "fabricated_doi": 35,
      "nonexistent_venue": 0,
      "placeholder_authors": 0,
      "future_date": 0,
      "chimeric_title": 1,
      "wrong_venue": 0,
      "swapped_authors": 0,
      "preprint_as_published": 0,
      "hybrid_fabrication": 1,
      "near_miss_title": 0,
      "plausible_fabrication": 1,
      "merged_citation": 0,
      "partial_author_list": 0,
      "arxiv_version_mismatch": 0,
      "VALID": 1,
      "UNCERTAIN": 0,
      "HALLUCINATED_unknown": 0
    },
    "nonexistent_venue": {
      "fabricated_doi": 9,
      "nonexistent_venue": 0,
      "placeholder_authors": 0,
      "future_date": 0,
      "chimeric_title": 0,
      "wrong_venue": 22,
      "swapped_authors": 0,
      "preprint_as_published": 0,
      "hybrid_fabrication": 0,
      "near_miss_title": 0,
      "plausible_fabrication": 7,
      "merged_citation": 0,
      "partial_author_list": 0,
      "arxiv_version_mismatch": 0,
      "VALID": 0,
      "UNCERTAIN": 0,
      "HALLUCINATED_unknown": 2
    },
    "placeholder_authors": {
      "fabricated_doi": 11,
      "nonexistent_venue": 0,
      "placeholder_authors": 0,
      "future_date": 0,
      "chimeric_title": 0,
      "wrong_venue": 0,
      "swapped_authors": 21,
      "preprint_as_published": 0,
      "hybrid_fabrication": 0,
      "near_miss_title": 0,
      "plausible_fabrication": 13,
      "merged_citation": 0,
      "partial_author_list": 0,
      "arxiv_version_mismatch": 0,
      "VALID": 0,
      "UNCERTAIN": 0,
      "HALLUCINATED_unknown": 0
    },
    "future_date": {
      "fabricated_doi": 0,
      "nonexistent_venue": 0,
      "placeholder_authors": 0,
      "future_date": 30,
      "chimeric_title": 0,
      "wrong_venue": 0,
      "swapped_authors": 0,
      "preprint_as_published": 0,
      "hybrid_fabrication": 0,
      "near_miss_title": 0,
      "plausible_fabrication": 0,
      "merged_citation": 0,
      "partial_author_list": 0,
      "arxiv_version_mismatch": 0,
      "VALID": 0,
      "UNCERTAIN": 0,
      "HALLUCINATED_unknown": 0
    },
    "chimeric_title": {
      "fabricated_doi": 10,
      "nonexistent_venue": 0,
      "placeholder_authors": 0,
      "future_date": 0,
      "chimeric_title": 4,
      "wrong_venue": 0,
      "swapped_authors": 2,
      "preprint_as_published": 0,
      "hybrid_fabrication": 14,
      "near_miss_title": 0,
      "plausible_fabrication": 13,
      "merged_citation": 0,
      "partial_author_list": 0,
      "arxiv_version_mismatch": 0,
      "VALID": 0,
      "UNCERTAIN": 0,
      "HALLUCINATED_unknown": 0
    },
    "wrong_venue": {
      "fabricated_doi": 13,
      "nonexistent_venue": 0,
      "placeholder_authors": 0,
      "future_date": 0,
      "chimeric_title": 0,
      "wrong_venue": 25,
      "swapped_authors": 1,
      "preprint_as_published": 0,
      "hybrid_fabrication": 0,
      "near_miss_title": 0,
      "plausible_fabrication": 5,
      "merged_citation": 1,
      "partial_author_list": 0,
      "arxiv_version_mismatch": 0,
      "VALID": 1,
      "UNCERTAIN": 0,
      "HALLUCINATED_unknown": 0
    },
    "swapped_authors": {
      "fabricated_doi": 2,
      "nonexistent_venue": 0,
      "placeholder_authors": 1,
      "future_date": 0,
      "chimeric_title": 0,
      "wrong_venue": 4,
      "swapped_authors": 25,
      "preprint_as_published": 3,
      "hybrid_fabrication": 13,
      "near_miss_title": 0,
      "plausible_fabrication": 14,
      "merged_citation": 2,
      "partial_author_list": 0,
      "arxiv_version_mismatch": 1,
      "VALID": 2,
      "UNCERTAIN": 0,
      "HALLUCINATED_unknown": 0
    },
    "preprint_as_published": {
      "fabricated_doi": 0,
      "nonexistent_venue": 0,
      "placeholder_authors": 0,
      "future_date": 0,
      "chimeric_title": 0,