{
  "tool_name": "cascade_db_diagnosis",
  "split_name": "test_public",
  "num_entries": 831,
  "num_hallucinated": 519,
  "num_valid": 312,
  "detection_rate": 0.9698492462311558,
  "false_positive_rate": 0.5,
  "f1_hallucination": 0.8230277185501065,
  "tier_weighted_f1": 0.8961382217552556,
  "mcc": 0.5494453532281024,
  "macro_f1": 0.7364083740429856,
  "union_recall_at_k": {},
  "temporal_robustness": null,
  "cost_efficiency": 0.07141460988280333,
  "mean_api_calls": 2.6016847172081827,
  "ece": 0.09139518413597733,
  "auroc": 0.8669147683131595,
  "auprc": 0.8639590112246898,
  "num_uncertain": 125,
  "tier3_f1": 0.5963855421686747,
  "detection_rate_ci": null,
  "f1_hallucination_ci": null,
  "tier_weighted_f1_ci": null,
  "fpr_ci": null,
  "ece_ci": null,
  "mcc_ci": null,
  "tier3_f1_ci": null,
  "per_tier_metrics": {
    "1": {
      "detection_rate": 0.9924242424242424,
      "false_positive_rate": 0.5,
      "f1": 0.650537634408602,
      "precision": 0.484,
      "num_hallucinated": 132,
      "num_valid": 312
    },
    "2": {
      "detection_rate": 0.9698275862068966,
      "false_positive_rate": 0.5,
      "f1": 0.7388781431334625,
      "precision": 0.596875,
      "num_hallucinated": 232,
      "num_valid": 312
    },
    "3": {
      "detection_rate": 0.9483870967741935,
      "false_positive_rate": 0.5,
      "f1": 0.5963855421686747,
      "precision": 0.4342105263157895,
      "num_hallucinated": 155,
      "num_valid": 312
    }
  },
  "per_type_metrics": {
    "arxiv_version_mismatch": {
      "detection_rate": 1.0,
      "false_positive_rate": 0.0,
      "f1": 1.0,
      "count": 28
    },
    "chimeric_title": {
      "detection_rate": 0.8461538461538461,
      "false_positive_rate": 0.0,
      "f1": 0.9166666666666666,
      "count": 24
    },
    "fabricated_doi": {
      "detection_rate": 0.9642857142857143,
      "false_positive_rate": 0.0,
      "f1": 0.9818181818181818,
      "count": 29
    },
    "future_date": {
      "detection_rate": 1.0,
      "false_positive_rate": 0.0,
      "f1": 1.0,
      "count": 29
    },
    "hybrid_fabrication": {
      "detection_rate": 1.0,
      "false_positive_rate": 0.0,
      "f1": 1.0,
      "count": 40
    },
    "merged_citation": {
      "detection_rate": 1.0,
      "false_positive_rate": 0.0,
      "f1": 1.0,
      "count": 29
    },
    "near_miss_title": {
      "detection_rate": 0.9655172413793104,
      "false_positive_rate": 0.0,
      "f1": 0.9824561403508771,
      "count": 38
    },
    "nonexistent_venue": {
      "detection_rate": 1.0,
      "false_positive_rate": 0.0,
      "f1": 1.0,
      "count": 38
    },
    "partial_author_list": {
      "detection_rate": 1.0,
      "false_positive_rate": 0.0,
      "f1": 1.0,
      "count": 29
    },
    "placeholder_authors": {
      "detection_rate": 1.0,
      "false_positive_rate": 0.0,
      "f1": 1.0,
      "count": 36
    },
    "plausible_fabrication": {
      "detection_rate": 0.9215686274509803,
      "false_positive_rate": 0.0,
      "f1": 0.9591836734693878,
      "count": 103
    },
    "preprint_as_published": {
      "detection_rate": 1.0,
      "false_positive_rate": 0.0,
      "f1": 1.0,
      "count": 29
    },
    "swapped_authors": {
      "detection_rate": 0.9148936170212766,
      "false_positive_rate": 0.0,
      "f1": 0.9555555555555556,
      "count": 56
    },
    "valid": {
      "detection_rate": 0.0,
      "false_positive_rate": 0.5,
      "f1": 0.0,
      "count": 312
    },
    "wrong_venue": {
      "detection_rate": 1.0,
      "false_positive_rate": 0.0,
      "f1": 1.0,
      "count": 36
    }
  },
  "coverage": 1.0,
  "coverage_adjusted_f1": 0.8535825545171339,
  "type_accuracy": {
    "overall": 0.3117206982543641,
    "main_types_only": 0.3696969696969697,
    "stress_test_only": 0.04225352112676056,
    "num_evaluated": 401.0,
    "num_correct": 125.0,
    "tier_1": 0.4462809917355372,
    "tier_2": 0.34946236559139787,
    "tier_3": 0.06382978723404255
  },
  "type_confusion": {
    "fabricated_doi": {
      "fabricated_doi": 24,
      "nonexistent_venue": 0,
      "placeholder_authors": 0,
      "future_date": 0,
      "chimeric_title": 0,
      "wrong_venue": 0,
      "swapped_authors": 2,
      "preprint_as_published": 0,
      "hybrid_fabrication": 1,
      "near_miss_title": 0,
      "plausible_fabrication": 0,
      "merged_citation": 0,
      "partial_author_list": 0,
      "arxiv_version_mismatch": 0,
      "VALID": 1,
      "UNCERTAIN": 1,
      "HALLUCINATED_unknown": 0
    },
    "nonexistent_venue": {
      "fabricated_doi": 11,
      "nonexistent_venue": 0,
      "placeholder_authors": 0,
      "future_date": 0,
      "chimeric_title": 0,
      "wrong_venue": 26,
      "swapped_authors": 0,
      "preprint_as_published": 0,
      "hybrid_fabrication": 0,
      "near_miss_title": 0,
      "plausible_fabrication": 1,
      "merged_citation": 0,
      "partial_author_list": 0,
      "arxiv_version_mismatch": 0,
      "VALID": 0,
      "UNCERTAIN": 0,
      "HALLUCINATED_unknown": 0
    },
    "placeholder_authors": {
      "fabricated_doi": 6,
      "nonexistent_venue": 0,
      "placeholder_authors": 1,
      "future_date": 0,
      "chimeric_title": 0,
      "wrong_venue": 0,
      "swapped_authors": 20,
      "preprint_as_published": 0,
      "hybrid_fabrication": 0,
      "near_miss_title": 0,
      "plausible_fabrication": 0,
      "merged_citation": 0,
      "partial_author_list": 0,
      "arxiv_version_mismatch": 0,
      "VALID": 0,
      "UNCERTAIN": 9,
      "HALLUCINATED_unknown": 0
    },
    "future_date": {
      "fabricated_doi": 0,
      "nonexistent_venue": 0,
      "placeholder_authors": 0,
      "future_date": 29,
      "chimeric_title": 0,
      "wrong_venue": 0,
      "swapped_authors": 0,
      "preprint_as_published": 0,
      "hybrid_fabrication": 0,
      "near_miss_title": 0,
      "plausible_fabrication": 0,
      "merged_citation": 0,
      "partial_author_list": 0,
      "arxiv_version_mismatch": 0,
      "VALID": 0,
      "UNCERTAIN": 0,
      "HALLUCINATED_unknown": 0
    },
    "chimeric_title": {
      "fabricated_doi": 5,
      "nonexistent_venue": 0,
      "placeholder_authors": 0,
      "future_date": 0,
      "chimeric_title": 0,
      "wrong_venue": 0,
      "swapped_authors": 0,
      "preprint_as_published": 0,
      "hybrid_fabrication": 6,
      "near_miss_title": 0,
      "plausible_fabrication": 0,
      "merged_citation": 0,
      "partial_author_list": 0,
      "arxiv_version_mismatch": 0,
      "VALID": 2,
      "UNCERTAIN": 11,
      "HALLUCINATED_unknown": 0
    },
    "wrong_venue": {
      "fabricated_doi": 5,
      "nonexistent_venue": 0,
      "placeholder_authors": 0,
      "future_date": 0,
      "chimeric_title": 0,
      "wrong_venue": 22,
      "swapped_authors": 0,
      "preprint_as_published": 1,
      "hybrid_fabrication": 0,
      "near_miss_title": 0,
      "plausible_fabrication": 0,
      "merged_citation": 2,
      "partial_author_list": 0,
      "arxiv_version_mismatch": 0,
      "VALID": 0,
      "UNCERTAIN": 5,
      "HALLUCINATED_unknown": 1
    },
    "swapped_authors": {
      "fabricated_doi": 3,
      "nonexistent_venue": 0,
      "placeholder_authors": 0,
      "future_date": 2,
      "chimeric_title": 0,
      "wrong_venue": 2,
      "swapped_authors": 24,
      "preprint_as_published": 2,
      "hybrid_fabrication": 6,
      "near_miss_title": 0,
      "plausible_fabrication": 0,
      "merged_citation": 1,
      "partial_author_list": 0,
      "arxiv_version_mismatch": 1,
      "VALID": 4,
      "UNCERTAIN": 9,
      "HALLUCINATED_unknown": 2
    },
    "preprint_as_published": {
      "fabricated_doi": 1,
      "nonexistent_venue": 0,
      "placeholder_authors": 0,
      "future_date": 0,
      "chimeric_title": 0,
      "wrong_venue": 23,
      "swapped_authors": 0,
      "preprint_as_published": 0,
      "hybrid_fabrication": 0,
      "near_miss_title": 0,
      "plausible_fabrication": 0,