{
  "tool_name": "doi_only",
  "split_name": "dev_public",
  "num_entries": 1068,
  "num_hallucinated": 555,
  "num_valid": 513,
  "detection_rate": 0.26846846846846845,
  "false_positive_rate": 0.18518518518518517,
  "f1_hallucination": 0.3729662077596996,
  "tier_weighted_f1": 0.32932862190812723,
  "detect_at_k": {},
  "temporal_robustness": null,
  "cost_efficiency": 1.0140843655499772,
  "mean_api_calls": 0.4344569288389513,
  "ece": 0.14321161048689138,
  "auroc": 0.5264148742098341,
  "auprc": 0.6055065692498685,
  "num_uncertain": 0,
  "detection_rate_ci": null,
  "f1_hallucination_ci": null,
  "tier_weighted_f1_ci": null,
  "fpr_ci": null,
  "ece_ci": null,
  "per_tier_metrics": {
    "0": {
      "detection_rate": 0.0,
      "false_positive_rate": 0.18518518518518517,
      "f1": 0.0,
      "precision": 0.0,
      "count": 513
    },
    "1": {
      "detection_rate": 0.5,
      "false_positive_rate": 0.18518518518518517,
      "f1": 0.6666666666666666,
      "precision": 1.0,
      "count": 158
    },
    "2": {
      "detection_rate": 0.21374045801526717,
      "false_positive_rate": 0.18518518518518517,
      "f1": 0.338368580060423,
      "precision": 1.0,
      "count": 262
    },
    "3": {
      "detection_rate": 0.1037037037037037,
      "false_positive_rate": 0.18518518518518517,
      "f1": 0.17177914110429446,
      "precision": 1.0,
      "count": 135
    }
  },
  "per_type_metrics": {
    "arxiv_version_mismatch": {
      "detection_rate": 0.26666666666666666,
      "false_positive_rate": 0.0,
      "f1": 0.4210526315789474,
      "count": 30
    },
    "chimeric_title": {
      "detection_rate": 0.14285714285714285,
      "false_positive_rate": 0.0,
      "f1": 0.25,
      "count": 35
    },
    "fabricated_doi": {
      "detection_rate": 0.5901639344262295,
      "false_positive_rate": 0.0,
      "f1": 0.7422680412371134,
      "count": 61
    },
    "future_date": {
      "detection_rate": 1.0,
      "false_positive_rate": 0.0,
      "f1": 1.0,
      "count": 31
    },
    "hybrid_fabrication": {
      "detection_rate": 0.2608695652173913,
      "false_positive_rate": 0.0,
      "f1": 0.41379310344827586,
      "count": 46
    },
    "merged_citation": {
      "detection_rate": 0.23333333333333334,
      "false_positive_rate": 0.0,
      "f1": 0.37837837837837834,
      "count": 30
    },
    "near_miss_title": {
      "detection_rate": 0.08571428571428572,
      "false_positive_rate": 0.0,
      "f1": 0.15789473684210528,
      "count": 35
    },
    "nonexistent_venue": {
      "detection_rate": 0.125,
      "false_positive_rate": 0.0,
      "f1": 0.2222222222222222,
      "count": 32
    },
    "partial_author_list": {
      "detection_rate": 0.23333333333333334,
      "false_positive_rate": 0.0,
      "f1": 0.37837837837837834,
      "count": 30
    },
    "placeholder_authors": {
      "detection_rate": 0.23529411764705882,
      "false_positive_rate": 0.0,
      "f1": 0.38095238095238093,
      "count": 34
    },
    "plausible_fabrication": {
      "detection_rate": 0.03571428571428571,
      "false_positive_rate": 0.0,
      "f1": 0.0689655172413793,
      "count": 84
    },
    "preprint_as_published": {
      "detection_rate": 0.12903225806451613,
      "false_positive_rate": 0.0,
      "f1": 0.2285714285714286,
      "count": 31
    },
    "swapped_authors": {
      "detection_rate": 0.20588235294117646,
      "false_positive_rate": 0.0,
      "f1": 0.34146341463414637,
      "count": 68
    },
    "valid": {
      "detection_rate": 0.0,
      "false_positive_rate": 0.18518518518518517,
      "f1": 0.0,
      "count": 513
    },
    "wrong_venue": {
      "detection_rate": 0.2,
      "false_positive_rate": 0.0,
      "f1": 0.33333333333333337,
      "count": 35
    }
  }
}
