{
  "tool_name": "harc",
  "split_name": "dev_public",
  "num_entries": 1119,
  "num_hallucinated": 633,
  "num_valid": 486,
  "detection_rate": 0.20853080568720378,
  "false_positive_rate": 0.04526748971193416,
  "f1_hallucination": 0.3354510800508259,
  "tier_weighted_f1": 0.25725593667546176,
  "mcc": 0.23490084853238555,
  "macro_f1": 0.4875050024651097,
  "union_recall_at_k": {},
  "temporal_robustness": null,
  "cost_efficiency": null,
  "mean_api_calls": 0.0,
  "ece": 0.04262734584450405,
  "auroc": 0.5827043473173015,
  "auprc": 0.6332323509178268,
  "num_uncertain": 0,
  "tier3_f1": 0.14222222222222222,
  "detection_rate_ci": null,
  "f1_hallucination_ci": null,
  "tier_weighted_f1_ci": null,
  "fpr_ci": null,
  "ece_ci": null,
  "mcc_ci": null,
  "tier3_f1_ci": null,
  "per_tier_metrics": {
    "1": {
      "detection_rate": 0.551948051948052,
      "false_positive_rate": 0.04526748971193416,
      "f1": 0.6513409961685823,
      "precision": 0.794392523364486,
      "num_hallucinated": 154,
      "num_valid": 486
    },
    "2": {
      "detection_rate": 0.10616438356164383,
      "false_positive_rate": 0.04526748971193416,
      "f1": 0.17971014492753623,
      "precision": 0.5849056603773585,
      "num_hallucinated": 292,
      "num_valid": 486
    },
    "3": {
      "detection_rate": 0.0855614973262032,
      "false_positive_rate": 0.04526748971193416,
      "f1": 0.14222222222222222,
      "precision": 0.42105263157894735,
      "num_hallucinated": 187,
      "num_valid": 486
    }
  },
  "per_type_metrics": {
    "arxiv_version_mismatch": {
      "detection_rate": 0.16666666666666666,
      "false_positive_rate": 0.0,
      "f1": 0.2857142857142857,
      "count": 30
    },
    "chimeric_title": {
      "detection_rate": 0.23255813953488372,
      "false_positive_rate": 0.0,
      "f1": 0.37735849056603776,
      "count": 43
    },
    "fabricated_doi": {
      "detection_rate": 0.8974358974358975,
      "false_positive_rate": 0.0,
      "f1": 0.945945945945946,
      "count": 39
    },
    "future_date": {
      "detection_rate": 1.0,
      "false_positive_rate": 0.0,
      "f1": 1.0,
      "count": 30
    },
    "hybrid_fabrication": {
      "detection_rate": 0.08888888888888889,
      "false_positive_rate": 0.0,
      "f1": 0.163265306122449,
      "count": 45
    },
    "merged_citation": {
      "detection_rate": 0.06666666666666667,
      "false_positive_rate": 0.0,
      "f1": 0.125,
      "count": 30
    },
    "near_miss_title": {
      "detection_rate": 0.14634146341463414,
      "false_positive_rate": 0.0,
      "f1": 0.2553191489361702,
      "count": 41
    },
    "nonexistent_venue": {
      "detection_rate": 0.225,
      "false_positive_rate": 0.0,
      "f1": 0.36734693877551017,
      "count": 40
    },
    "partial_author_list": {
      "detection_rate": 0.0,
      "false_positive_rate": 0.0,
      "f1": 0.0,
      "count": 30
    },
    "placeholder_authors": {
      "detection_rate": 0.24444444444444444,
      "false_positive_rate": 0.0,
      "f1": 0.39285714285714285,
      "count": 45
    },
    "plausible_fabrication": {
      "detection_rate": 0.04310344827586207,
      "false_positive_rate": 0.0,
      "f1": 0.08264462809917356,
      "count": 116
    },
    "preprint_as_published": {
      "detection_rate": 0.0,
      "false_positive_rate": 0.0,
      "f1": 0.0,
      "count": 31
    },
    "swapped_authors": {
      "detection_rate": 0.029850746268656716,
      "false_positive_rate": 0.0,
      "f1": 0.05797101449275362,
      "count": 67
    },
    "valid": {
      "detection_rate": 0.0,
      "false_positive_rate": 0.04526748971193416,
      "f1": 0.0,
      "count": 486
    },
    "wrong_venue": {
      "detection_rate": 0.2826086956521739,
      "false_positive_rate": 0.0,
      "f1": 0.4406779661016949,
      "count": 46
    }
  },
  "coverage": 1.0,
  "coverage_adjusted_f1": 0.3354510800508259
}
