{
  "tool_name": "llm_openai",
  "split_name": "test_public",
  "num_entries": 831,
  "num_hallucinated": 519,
  "num_valid": 312,
  "detection_rate": 0.8516377649325626,
  "false_positive_rate": 0.4807692307692308,
  "f1_hallucination": 0.7956795679567956,
  "tier_weighted_f1": 0.8458233890214797,
  "mcc": 0.3967538592565057,
  "macro_f1": 0.6918506732705938,
  "union_recall_at_k": {},
  "temporal_robustness": null,
  "cost_efficiency": 0.4583926583896867,
  "mean_api_calls": 1.0,
  "ece": 0.18259927797833936,
  "auroc": 0.7620887060915963,
  "auprc": 0.8143912958365137,
  "num_uncertain": 0,
  "tier3_f1": 0.6032482598607889,
  "detection_rate_ci": null,
  "f1_hallucination_ci": null,
  "tier_weighted_f1_ci": null,
  "fpr_ci": null,
  "ece_ci": null,
  "mcc_ci": null,
  "tier3_f1_ci": null,
  "per_tier_metrics": {
    "1": {
      "detection_rate": 0.9846153846153847,
      "false_positive_rate": 0.4807692307692308,
      "f1": 0.6274509803921569,
      "precision": 0.460431654676259,
      "num_hallucinated": 130,
      "num_valid": 312
    },
    "2": {
      "detection_rate": 0.773109243697479,
      "false_positive_rate": 0.4807692307692308,
      "f1": 0.6433566433566433,
      "precision": 0.5508982035928144,
      "num_hallucinated": 238,
      "num_valid": 312
    },
    "3": {
      "detection_rate": 0.8609271523178808,
      "false_positive_rate": 0.4807692307692308,
      "f1": 0.6032482598607889,
      "precision": 0.4642857142857143,
      "num_hallucinated": 151,
      "num_valid": 312
    }
  },
  "per_type_metrics": {
    "arxiv_version_mismatch": {
      "detection_rate": 0.8888888888888888,
      "false_positive_rate": 0.0,
      "f1": 0.9411764705882353,
      "count": 45
    },
    "chimeric_title": {
      "detection_rate": 0.9130434782608695,
      "false_positive_rate": 0.0,
      "f1": 0.9545454545454545,
      "count": 23
    },
    "fabricated_doi": {
      "detection_rate": 1.0,
      "false_positive_rate": 0.0,
      "f1": 1.0,
      "count": 29
    },
    "future_date": {
      "detection_rate": 1.0,
      "false_positive_rate": 0.0,
      "f1": 1.0,
      "count": 29
    },
    "hybrid_fabrication": {
      "detection_rate": 0.9655172413793104,
      "false_positive_rate": 0.0,
      "f1": 0.9824561403508771,
      "count": 29
    },
    "merged_citation": {
      "detection_rate": 0.8620689655172413,
      "false_positive_rate": 0.0,
      "f1": 0.9259259259259259,
      "count": 29
    },
    "near_miss_title": {
      "detection_rate": 0.675,
      "false_positive_rate": 0.0,
      "f1": 0.8059701492537313,
      "count": 40
    },
    "nonexistent_venue": {
      "detection_rate": 0.9459459459459459,
      "false_positive_rate": 0.0,
      "f1": 0.9722222222222222,
      "count": 37
    },
    "partial_author_list": {
      "detection_rate": 0.6129032258064516,
      "false_positive_rate": 0.0,
      "f1": 0.76,
      "count": 31
    },
    "placeholder_authors": {
      "detection_rate": 1.0,
      "false_positive_rate": 0.0,
      "f1": 1.0,
      "count": 35
    },
    "plausible_fabrication": {
      "detection_rate": 0.9545454545454546,
      "false_positive_rate": 0.0,
      "f1": 0.9767441860465117,
      "count": 66
    },
    "preprint_as_published": {
      "detection_rate": 0.8275862068965517,
      "false_positive_rate": 0.0,
      "f1": 0.9056603773584906,
      "count": 29
    },
    "swapped_authors": {
      "detection_rate": 0.6190476190476191,
      "false_positive_rate": 0.0,
      "f1": 0.7647058823529412,
      "count": 63
    },
    "valid": {
      "detection_rate": 0.0,
      "false_positive_rate": 0.4807692307692308,
      "f1": 0.0,
      "count": 312
    },
    "wrong_venue": {
      "detection_rate": 0.8235294117647058,
      "false_positive_rate": 0.0,
      "f1": 0.9032258064516129,
      "count": 34
    }
  },
  "coverage": 1.0,
  "coverage_adjusted_f1": 0.7956795679567956
}
