{
  "tool_name": "llm_agentic_btu_sonnet_4_6",
  "split_name": "test_public",
  "num_entries": 831,
  "num_hallucinated": 544,
  "num_valid": 287,
  "detection_rate": 0.9650735294117647,
  "false_positive_rate": 0.3344947735191638,
  "f1_hallucination": 0.9012875536480687,
  "tier_weighted_f1": 0.9373368146214098,
  "mcc": 0.6899605919227775,
  "macro_f1": 0.8349496118340947,
  "union_recall_at_k": {},
  "temporal_robustness": null,
  "cost_efficiency": 0.07064090317850552,
  "mean_api_calls": 2.0421179302045727,
  "ece": 0.07073405535499394,
  "auroc": 0.9289877536380406,
  "auprc": 0.9488102487032065,
  "num_uncertain": 0,
  "tier3_f1": 0.7470449172576832,
  "detection_rate_ci": null,
  "f1_hallucination_ci": null,
  "tier_weighted_f1_ci": null,
  "fpr_ci": null,
  "ece_ci": null,
  "mcc_ci": null,
  "tier3_f1_ci": null,
  "per_tier_metrics": {
    "1": {
      "detection_rate": 0.9924242424242424,
      "false_positive_rate": 0.3344947735191638,
      "f1": 0.7298050139275767,
      "precision": 0.5770925110132159,
      "num_hallucinated": 132,
      "num_valid": 287
    },
    "2": {
      "detection_rate": 0.9711934156378601,
      "false_positive_rate": 0.3344947735191638,
      "f1": 0.8208695652173913,
      "precision": 0.7108433734939759,
      "num_hallucinated": 243,
      "num_valid": 287
    },
    "3": {
      "detection_rate": 0.9349112426035503,
      "false_positive_rate": 0.3344947735191638,
      "f1": 0.7470449172576832,
      "precision": 0.6220472440944882,
      "num_hallucinated": 169,
      "num_valid": 287
    }
  },
  "per_type_metrics": {
    "arxiv_version_mismatch": {
      "detection_rate": 0.9642857142857143,
      "false_positive_rate": 0.0,
      "f1": 0.9818181818181818,
      "count": 28
    },
    "chimeric_title": {
      "detection_rate": 0.9166666666666666,
      "false_positive_rate": 0.0,
      "f1": 0.9565217391304348,
      "count": 24
    },
    "fabricated_doi": {
      "detection_rate": 0.9655172413793104,
      "false_positive_rate": 0.0,
      "f1": 0.9824561403508771,
      "count": 29
    },
    "future_date": {
      "detection_rate": 1.0,
      "false_positive_rate": 0.0,
      "f1": 1.0,
      "count": 29
    },
    "hybrid_fabrication": {
      "detection_rate": 0.975,
      "false_positive_rate": 0.0,
      "f1": 0.9873417721518987,
      "count": 40
    },
    "merged_citation": {
      "detection_rate": 1.0,
      "false_positive_rate": 0.0,
      "f1": 1.0,
      "count": 29
    },
    "near_miss_title": {
      "detection_rate": 0.9210526315789473,
      "false_positive_rate": 0.0,
      "f1": 0.958904109589041,
      "count": 38
    },
    "nonexistent_venue": {
      "detection_rate": 1.0,
      "false_positive_rate": 0.0,
      "f1": 1.0,
      "count": 38
    },
    "partial_author_list": {
      "detection_rate": 1.0,
      "false_positive_rate": 0.0,
      "f1": 1.0,
      "count": 29
    },
    "placeholder_authors": {
      "detection_rate": 1.0,
      "false_positive_rate": 0.0,
      "f1": 1.0,
      "count": 36
    },
    "plausible_fabrication": {
      "detection_rate": 0.9320388349514563,
      "false_positive_rate": 0.0,
      "f1": 0.9648241206030151,
      "count": 103
    },
    "preprint_as_published": {
      "detection_rate": 1.0,
      "false_positive_rate": 0.0,
      "f1": 1.0,
      "count": 29
    },
    "swapped_authors": {
      "detection_rate": 0.9285714285714286,
      "false_positive_rate": 0.0,
      "f1": 0.962962962962963,
      "count": 56
    },
    "valid": {
      "detection_rate": 0.0,
      "false_positive_rate": 0.3344947735191638,
      "f1": 0.0,
      "count": 287
    },
    "wrong_venue": {
      "detection_rate": 1.0,
      "false_positive_rate": 0.0,
      "f1": 1.0,
      "count": 36
    }
  },
  "coverage": 1.0,
  "coverage_adjusted_f1": 0.9012875536480687
}
