{
  "tool_name": "llm_openrouter_qwen_max",
  "split_name": "test_public",
  "num_entries": 831,
  "num_hallucinated": 544,
  "num_valid": 287,
  "detection_rate": 0.9007352941176471,
  "false_positive_rate": 0.6515679442508711,
  "f1_hallucination": 0.8026208026208026,
  "tier_weighted_f1": 0.8620988725065047,
  "mcc": 0.30491362878083883,
  "macro_f1": 0.6280677709249138,
  "union_recall_at_k": {},
  "temporal_robustness": null,
  "cost_efficiency": 0.09448384550456324,
  "mean_api_calls": 1.0,
  "ece": 0.24682310469314078,
  "auroc": 0.6590457829473252,
  "auprc": 0.7473478496119842,
  "num_uncertain": 0,
  "tier3_f1": 0.5788423153692615,
  "detection_rate_ci": null,
  "f1_hallucination_ci": null,
  "tier_weighted_f1_ci": null,
  "fpr_ci": null,
  "ece_ci": null,
  "mcc_ci": null,
  "tier3_f1_ci": null,
  "per_tier_metrics": {
    "1": {
      "detection_rate": 0.9924242424242424,
      "false_positive_rate": 0.6515679442508711,
      "f1": 0.5822222222222223,
      "precision": 0.4119496855345912,
      "num_hallucinated": 132,
      "num_valid": 287
    },
    "2": {
      "detection_rate": 0.8806584362139918,
      "false_positive_rate": 0.6515679442508711,
      "f1": 0.6645962732919254,
      "precision": 0.5336658354114713,
      "num_hallucinated": 243,
      "num_valid": 287
    },
    "3": {
      "detection_rate": 0.8579881656804734,
      "false_positive_rate": 0.6515679442508711,
      "f1": 0.5788423153692615,
      "precision": 0.4367469879518072,
      "num_hallucinated": 169,
      "num_valid": 287
    }
  },
  "per_type_metrics": {
    "arxiv_version_mismatch": {
      "detection_rate": 0.9285714285714286,
      "false_positive_rate": 0.0,
      "f1": 0.962962962962963,
      "count": 28
    },
    "chimeric_title": {
      "detection_rate": 1.0,
      "false_positive_rate": 0.0,
      "f1": 1.0,
      "count": 24
    },
    "fabricated_doi": {
      "detection_rate": 1.0,
      "false_positive_rate": 0.0,
      "f1": 1.0,
      "count": 29
    },
    "future_date": {
      "detection_rate": 1.0,
      "false_positive_rate": 0.0,
      "f1": 1.0,
      "count": 29
    },
    "hybrid_fabrication": {
      "detection_rate": 0.925,
      "false_positive_rate": 0.0,
      "f1": 0.961038961038961,
      "count": 40
    },
    "merged_citation": {
      "detection_rate": 0.9310344827586207,
      "false_positive_rate": 0.0,
      "f1": 0.9642857142857143,
      "count": 29
    },
    "near_miss_title": {
      "detection_rate": 0.8421052631578947,
      "false_positive_rate": 0.0,
      "f1": 0.9142857142857143,
      "count": 38
    },
    "nonexistent_venue": {
      "detection_rate": 1.0,
      "false_positive_rate": 0.0,
      "f1": 1.0,
      "count": 38
    },
    "partial_author_list": {
      "detection_rate": 0.8620689655172413,
      "false_positive_rate": 0.0,
      "f1": 0.9259259259259259,
      "count": 29
    },
    "placeholder_authors": {
      "detection_rate": 0.9722222222222222,
      "false_positive_rate": 0.0,
      "f1": 0.9859154929577464,
      "count": 36
    },
    "plausible_fabrication": {
      "detection_rate": 0.8446601941747572,
      "false_positive_rate": 0.0,
      "f1": 0.9157894736842105,
      "count": 103
    },
    "preprint_as_published": {
      "detection_rate": 0.896551724137931,
      "false_positive_rate": 0.0,
      "f1": 0.9454545454545454,
      "count": 29
    },
    "swapped_authors": {
      "detection_rate": 0.75,
      "false_positive_rate": 0.0,
      "f1": 0.8571428571428571,
      "count": 56
    },
    "valid": {
      "detection_rate": 0.0,
      "false_positive_rate": 0.6515679442508711,
      "f1": 0.0,
      "count": 287
    },
    "wrong_venue": {
      "detection_rate": 0.9166666666666666,
      "false_positive_rate": 0.0,
      "f1": 0.9565217391304348,
      "count": 36
    }
  },
  "coverage": 1.0,
  "coverage_adjusted_f1": 0.8026208026208026
}
