{
  "tool_name": "llm_agentic_openai",
  "split_name": "test_public",
  "num_entries": 831,
  "num_hallucinated": 544,
  "num_valid": 287,
  "detection_rate": 0.9430147058823529,
  "false_positive_rate": 0.5226480836236934,
  "f1_hallucination": 0.8500414250207126,
  "tier_weighted_f1": 0.9032258064516129,
  "mcc": 0.49768805599097904,
  "macro_f1": 0.7261196136092574,
  "union_recall_at_k": {},
  "temporal_robustness": null,
  "cost_efficiency": 0.08549994015162746,
  "mean_api_calls": 2.8543922984356196,
  "ece": 0.13722021660649816,
  "auroc": 0.8262835622053699,
  "auprc": 0.8905642082429853,
  "num_uncertain": 0,
  "tier3_f1": 0.6511627906976744,
  "detection_rate_ci": null,
  "f1_hallucination_ci": null,
  "tier_weighted_f1_ci": null,
  "fpr_ci": null,
  "ece_ci": null,
  "mcc_ci": null,
  "tier3_f1_ci": null,
  "per_tier_metrics": {
    "1": {
      "detection_rate": 0.9848484848484849,
      "false_positive_rate": 0.5226480836236934,
      "f1": 0.6310679611650486,
      "precision": 0.4642857142857143,
      "num_hallucinated": 132,
      "num_valid": 287
    },
    "2": {
      "detection_rate": 0.9423868312757202,
      "false_positive_rate": 0.5226480836236934,
      "f1": 0.7363344051446945,
      "precision": 0.604221635883905,
      "num_hallucinated": 243,
      "num_valid": 287
    },
    "3": {
      "detection_rate": 0.9112426035502958,
      "false_positive_rate": 0.5226480836236934,
      "f1": 0.6511627906976744,
      "precision": 0.506578947368421,
      "num_hallucinated": 169,
      "num_valid": 287
    }
  },
  "per_type_metrics": {
    "arxiv_version_mismatch": {
      "detection_rate": 0.9642857142857143,
      "false_positive_rate": 0.0,
      "f1": 0.9818181818181818,
      "count": 28
    },
    "chimeric_title": {
      "detection_rate": 1.0,
      "false_positive_rate": 0.0,
      "f1": 1.0,
      "count": 24
    },
    "fabricated_doi": {
      "detection_rate": 1.0,
      "false_positive_rate": 0.0,
      "f1": 1.0,
      "count": 29
    },
    "future_date": {
      "detection_rate": 0.9655172413793104,
      "false_positive_rate": 0.0,
      "f1": 0.9824561403508771,
      "count": 29
    },
    "hybrid_fabrication": {
      "detection_rate": 1.0,
      "false_positive_rate": 0.0,
      "f1": 1.0,
      "count": 40
    },
    "merged_citation": {
      "detection_rate": 0.9655172413793104,
      "false_positive_rate": 0.0,
      "f1": 0.9824561403508771,
      "count": 29
    },
    "near_miss_title": {
      "detection_rate": 0.6578947368421053,
      "false_positive_rate": 0.0,
      "f1": 0.7936507936507937,
      "count": 38
    },
    "nonexistent_venue": {
      "detection_rate": 0.9736842105263158,
      "false_positive_rate": 0.0,
      "f1": 0.9866666666666666,
      "count": 38
    },
    "partial_author_list": {
      "detection_rate": 0.6206896551724138,
      "false_positive_rate": 0.0,
      "f1": 0.7659574468085107,
      "count": 29
    },
    "placeholder_authors": {
      "detection_rate": 1.0,
      "false_positive_rate": 0.0,
      "f1": 1.0,
      "count": 36
    },
    "plausible_fabrication": {
      "detection_rate": 0.9902912621359223,
      "false_positive_rate": 0.0,
      "f1": 0.9951219512195122,
      "count": 103
    },
    "preprint_as_published": {
      "detection_rate": 1.0,
      "false_positive_rate": 0.0,
      "f1": 1.0,
      "count": 29
    },
    "swapped_authors": {
      "detection_rate": 0.9642857142857143,
      "false_positive_rate": 0.0,
      "f1": 0.9818181818181818,
      "count": 56
    },
    "valid": {
      "detection_rate": 0.0,
      "false_positive_rate": 0.5226480836236934,
      "f1": 0.0,
      "count": 287
    },
    "wrong_venue": {
      "detection_rate": 1.0,
      "false_positive_rate": 0.0,
      "f1": 1.0,
      "count": 36
    }
  },
  "coverage": 1.0,
  "coverage_adjusted_f1": 0.8500414250207126
}
