{
  "tool_name": "llm_openrouter_llama_4_maverick",
  "split_name": "test_public",
  "num_entries": 831,
  "num_hallucinated": 519,
  "num_valid": 312,
  "detection_rate": 0.6312741312741312,
  "false_positive_rate": 0.16666666666666666,
  "f1_hallucination": 0.7290969899665551,
  "tier_weighted_f1": 0.728211009174312,
  "mcc": 0.45177322064478104,
  "macro_f1": 0.7053086522571963,
  "union_recall_at_k": {},
  "temporal_robustness": null,
  "cost_efficiency": 0.06117179498029582,
  "mean_api_calls": 1.0,
  "ece": 0.17940963855421688,
  "auroc": 0.7583160083160083,
  "auprc": 0.8227285594498482,
  "num_uncertain": 1,
  "tier3_f1": 0.6466666666666665,
  "detection_rate_ci": null,
  "f1_hallucination_ci": null,
  "tier_weighted_f1_ci": null,
  "fpr_ci": null,
  "ece_ci": null,
  "mcc_ci": null,
  "tier3_f1_ci": null,
  "per_tier_metrics": {
    "1": {
      "detection_rate": 0.8923076923076924,
      "false_positive_rate": 0.16666666666666666,
      "f1": 0.7785234899328859,
      "precision": 0.6904761904761905,
      "num_hallucinated": 130,
      "num_valid": 312
    },
    "2": {
      "detection_rate": 0.4810126582278481,
      "false_positive_rate": 0.16666666666666666,
      "f1": 0.56575682382134,
      "precision": 0.6867469879518072,
      "num_hallucinated": 238,
      "num_valid": 312
    },
    "3": {
      "detection_rate": 0.6423841059602649,
      "false_positive_rate": 0.16666666666666666,
      "f1": 0.6466666666666665,
      "precision": 0.6510067114093959,
      "num_hallucinated": 151,
      "num_valid": 312
    }
  },
  "per_type_metrics": {
    "arxiv_version_mismatch": {
      "detection_rate": 0.5333333333333333,
      "false_positive_rate": 0.0,
      "f1": 0.6956521739130436,
      "count": 45
    },
    "chimeric_title": {
      "detection_rate": 0.6956521739130435,
      "false_positive_rate": 0.0,
      "f1": 0.8205128205128205,
      "count": 23
    },
    "fabricated_doi": {
      "detection_rate": 1.0,
      "false_positive_rate": 0.0,
      "f1": 1.0,
      "count": 29
    },
    "future_date": {
      "detection_rate": 1.0,
      "false_positive_rate": 0.0,
      "f1": 1.0,
      "count": 29
    },
    "hybrid_fabrication": {
      "detection_rate": 0.7241379310344828,
      "false_positive_rate": 0.0,
      "f1": 0.8400000000000001,
      "count": 29
    },
    "merged_citation": {
      "detection_rate": 0.6206896551724138,
      "false_positive_rate": 0.0,
      "f1": 0.7659574468085107,
      "count": 29
    },
    "near_miss_title": {
      "detection_rate": 0.45,
      "false_positive_rate": 0.0,
      "f1": 0.6206896551724138,
      "count": 40
    },
    "nonexistent_venue": {
      "detection_rate": 0.9459459459459459,
      "false_positive_rate": 0.0,
      "f1": 0.9722222222222222,
      "count": 37
    },
    "partial_author_list": {
      "detection_rate": 0.1935483870967742,
      "false_positive_rate": 0.0,
      "f1": 0.3243243243243243,
      "count": 31
    },
    "placeholder_authors": {
      "detection_rate": 0.6571428571428571,
      "false_positive_rate": 0.0,
      "f1": 0.7931034482758621,
      "count": 35
    },
    "plausible_fabrication": {
      "detection_rate": 0.8333333333333334,
      "false_positive_rate": 0.0,
      "f1": 0.9090909090909091,
      "count": 66
    },
    "preprint_as_published": {
      "detection_rate": 0.5517241379310345,
      "false_positive_rate": 0.0,
      "f1": 0.7111111111111111,
      "count": 29
    },
    "swapped_authors": {
      "detection_rate": 0.3333333333333333,
      "false_positive_rate": 0.0,
      "f1": 0.5,
      "count": 63
    },
    "valid": {
      "detection_rate": 0.0,
      "false_positive_rate": 0.16666666666666666,
      "f1": 0.0,
      "count": 312
    },
    "wrong_venue": {
      "detection_rate": 0.48484848484848486,
      "false_positive_rate": 0.0,
      "f1": 0.653061224489796,
      "count": 34
    }
  },
  "coverage": 1.0,
  "coverage_adjusted_f1": 0.7290969899665551
}
