{
  "tool_name": "llm_openrouter_gemini_pro",
  "split_name": "test_public",
  "num_entries": 831,
  "num_hallucinated": 519,
  "num_valid": 312,
  "detection_rate": 0.4582441113490364,
  "false_positive_rate": 0.059233449477351915,
  "f1_hallucination": 0.6131805157593123,
  "tier_weighted_f1": 0.6098783106657123,
  "mcc": 0.42026870790731363,
  "macro_f1": 0.6399235912129895,
  "union_recall_at_k": {},
  "temporal_robustness": null,
  "cost_efficiency": 0.07409321968524328,
  "mean_api_calls": 1.0,
  "ece": 0.3512997347480106,
  "auroc": 0.7231569287243805,
  "auprc": 0.7783329641844595,
  "num_uncertain": 77,
  "tier3_f1": 0.6334841628959275,
  "detection_rate_ci": null,
  "f1_hallucination_ci": null,
  "tier_weighted_f1_ci": null,
  "fpr_ci": null,
  "ece_ci": null,
  "mcc_ci": null,
  "tier3_f1_ci": null,
  "per_tier_metrics": {
    "1": {
      "detection_rate": 0.631578947368421,
      "false_positive_rate": 0.059233449477351915,
      "f1": 0.7093596059113301,
      "precision": 0.8089887640449438,
      "num_hallucinated": 130,
      "num_valid": 312
    },
    "2": {
      "detection_rate": 0.3287671232876712,
      "false_positive_rate": 0.059233449477351915,
      "f1": 0.46753246753246747,
      "precision": 0.8089887640449438,
      "num_hallucinated": 238,
      "num_valid": 312
    },
    "3": {
      "detection_rate": 0.5223880597014925,
      "false_positive_rate": 0.059233449477351915,
      "f1": 0.6334841628959275,
      "precision": 0.8045977011494253,
      "num_hallucinated": 151,
      "num_valid": 312
    }
  },
  "per_type_metrics": {
    "arxiv_version_mismatch": {
      "detection_rate": 0.35,
      "false_positive_rate": 0.0,
      "f1": 0.5185185185185185,
      "count": 45
    },
    "chimeric_title": {
      "detection_rate": 0.631578947368421,
      "false_positive_rate": 0.0,
      "f1": 0.7741935483870968,
      "count": 23
    },
    "fabricated_doi": {
      "detection_rate": 0.44,
      "false_positive_rate": 0.0,
      "f1": 0.6111111111111112,
      "count": 29
    },
    "future_date": {
      "detection_rate": 0.9130434782608695,
      "false_positive_rate": 0.0,
      "f1": 0.9545454545454545,
      "count": 29
    },
    "hybrid_fabrication": {
      "detection_rate": 0.72,
      "false_positive_rate": 0.0,
      "f1": 0.8372093023255813,
      "count": 29
    },
    "merged_citation": {
      "detection_rate": 0.48148148148148145,
      "false_positive_rate": 0.0,
      "f1": 0.65,
      "count": 29
    },
    "near_miss_title": {
      "detection_rate": 0.3142857142857143,
      "false_positive_rate": 0.0,
      "f1": 0.4782608695652174,
      "count": 40
    },
    "nonexistent_venue": {
      "detection_rate": 0.5294117647058824,
      "false_positive_rate": 0.0,
      "f1": 0.6923076923076924,
      "count": 37
    },
    "partial_author_list": {
      "detection_rate": 0.03333333333333333,
      "false_positive_rate": 0.0,
      "f1": 0.06451612903225806,
      "count": 31
    },
    "placeholder_authors": {
      "detection_rate": 0.6875,
      "false_positive_rate": 0.0,
      "f1": 0.8148148148148148,
      "count": 35
    },
    "plausible_fabrication": {
      "detection_rate": 0.7627118644067796,
      "false_positive_rate": 0.0,
      "f1": 0.8653846153846153,
      "count": 66
    },
    "preprint_as_published": {
      "detection_rate": 0.3076923076923077,
      "false_positive_rate": 0.0,
      "f1": 0.47058823529411764,
      "count": 29
    },
    "swapped_authors": {
      "detection_rate": 0.1864406779661017,
      "false_positive_rate": 0.0,
      "f1": 0.3142857142857143,
      "count": 63
    },
    "valid": {
      "detection_rate": 0.0,
      "false_positive_rate": 0.059233449477351915,
      "f1": 0.0,
      "count": 312
    },
    "wrong_venue": {
      "detection_rate": 0.2727272727272727,
      "false_positive_rate": 0.0,
      "f1": 0.42857142857142855,
      "count": 34
    }
  },
  "coverage": 1.0,
  "coverage_adjusted_f1": 0.6131805157593123
}
