{
  "tool_name": "llm_agentic_btu_openai",
  "split_name": "test_public",
  "num_entries": 831,
  "num_hallucinated": 519,
  "num_valid": 312,
  "detection_rate": 0.9595375722543352,
  "false_positive_rate": 0.3557692307692308,
  "f1_hallucination": 0.8829787234042553,
  "tier_weighted_f1": 0.9266055045871561,
  "mcc": 0.6607637047505635,
  "macro_f1": 0.8178938560841501,
  "union_recall_at_k": {},
  "temporal_robustness": null,
  "cost_efficiency": 0.10099810150078808,
  "mean_api_calls": 2.0,
  "ece": 0.07453670276774968,
  "auroc": 0.8526536485351515,
  "auprc": 0.875896454639598,
  "num_uncertain": 0,
  "tier3_f1": 0.6997518610421837,
  "detection_rate_ci": null,
  "f1_hallucination_ci": null,
  "tier_weighted_f1_ci": null,
  "fpr_ci": null,
  "ece_ci": null,
  "mcc_ci": null,
  "tier3_f1_ci": null,
  "per_tier_metrics": {
    "1": {
      "detection_rate": 0.9769230769230769,
      "false_positive_rate": 0.3557692307692308,
      "f1": 0.6902173913043478,
      "precision": 0.5336134453781513,
      "num_hallucinated": 130,
      "num_valid": 312
    },
    "2": {
      "detection_rate": 0.9663865546218487,
      "false_positive_rate": 0.3557692307692308,
      "f1": 0.7944732297063902,
      "precision": 0.6744868035190615,
      "num_hallucinated": 238,
      "num_valid": 312
    },
    "3": {
      "detection_rate": 0.9337748344370861,
      "false_positive_rate": 0.3557692307692308,
      "f1": 0.6997518610421837,
      "precision": 0.5595238095238095,
      "num_hallucinated": 151,
      "num_valid": 312
    }
  },
  "per_type_metrics": {
    "arxiv_version_mismatch": {
      "detection_rate": 0.8444444444444444,
      "false_positive_rate": 0.0,
      "f1": 0.9156626506024096,
      "count": 45
    },
    "chimeric_title": {
      "detection_rate": 1.0,
      "false_positive_rate": 0.0,
      "f1": 1.0,
      "count": 23
    },
    "fabricated_doi": {
      "detection_rate": 0.9655172413793104,
      "false_positive_rate": 0.0,
      "f1": 0.9824561403508771,
      "count": 29
    },
    "future_date": {
      "detection_rate": 1.0,
      "false_positive_rate": 0.0,
      "f1": 1.0,
      "count": 29
    },
    "hybrid_fabrication": {
      "detection_rate": 1.0,
      "false_positive_rate": 0.0,
      "f1": 1.0,
      "count": 29
    },
    "merged_citation": {
      "detection_rate": 1.0,
      "false_positive_rate": 0.0,
      "f1": 1.0,
      "count": 29
    },
    "near_miss_title": {
      "detection_rate": 0.925,
      "false_positive_rate": 0.0,
      "f1": 0.961038961038961,
      "count": 40
    },
    "nonexistent_venue": {
      "detection_rate": 0.9459459459459459,
      "false_positive_rate": 0.0,
      "f1": 0.9722222222222222,
      "count": 37
    },
    "partial_author_list": {
      "detection_rate": 0.967741935483871,
      "false_positive_rate": 0.0,
      "f1": 0.9836065573770492,
      "count": 31
    },
    "placeholder_authors": {
      "detection_rate": 1.0,
      "false_positive_rate": 0.0,
      "f1": 1.0,
      "count": 35
    },
    "plausible_fabrication": {
      "detection_rate": 1.0,
      "false_positive_rate": 0.0,
      "f1": 1.0,
      "count": 66
    },
    "preprint_as_published": {
      "detection_rate": 0.9310344827586207,
      "false_positive_rate": 0.0,
      "f1": 0.9642857142857143,
      "count": 29
    },
    "swapped_authors": {
      "detection_rate": 0.9365079365079365,
      "false_positive_rate": 0.0,
      "f1": 0.9672131147540983,
      "count": 63
    },
    "valid": {
      "detection_rate": 0.0,
      "false_positive_rate": 0.3557692307692308,
      "f1": 0.0,
      "count": 312
    },
    "wrong_venue": {
      "detection_rate": 0.9705882352941176,
      "false_positive_rate": 0.0,
      "f1": 0.9850746268656716,
      "count": 34
    }
  },
  "coverage": 1.0,
  "coverage_adjusted_f1": 0.8829787234042553
}
