{
  "tool_name": "llm_openrouter_deepseek_r1",
  "split_name": "test_public",
  "num_entries": 831,
  "num_hallucinated": 519,
  "num_valid": 312,
  "detection_rate": 0.8087167070217918,
  "false_positive_rate": 0.31932773109243695,
  "f1_hallucination": 0.8116646415552855,
  "tier_weighted_f1": 0.8421725239616614,
  "mcc": 0.48810947357489404,
  "macro_f1": 0.7440369136795217,
  "union_recall_at_k": {},
  "temporal_robustness": null,
  "cost_efficiency": 0.010902728652432974,
  "mean_api_calls": 1.0024067388688327,
  "ece": 0.18317972350230413,
  "auroc": 0.7815939935296153,
  "auprc": 0.8244932944423623,
  "num_uncertain": 180,
  "tier3_f1": 0.6690391459074733,
  "detection_rate_ci": null,
  "f1_hallucination_ci": null,
  "tier_weighted_f1_ci": null,
  "fpr_ci": null,
  "ece_ci": null,
  "mcc_ci": null,
  "tier3_f1_ci": null,
  "per_tier_metrics": {
    "1": {
      "detection_rate": 0.9626168224299065,
      "false_positive_rate": 0.31932773109243695,
      "f1": 0.7202797202797202,
      "precision": 0.5754189944134078,
      "num_hallucinated": 130,
      "num_valid": 312
    },
    "2": {
      "detection_rate": 0.7025641025641025,
      "false_positive_rate": 0.31932773109243695,
      "f1": 0.6715686274509803,
      "precision": 0.6431924882629108,
      "num_hallucinated": 238,
      "num_valid": 312
    },
    "3": {
      "detection_rate": 0.8468468468468469,
      "false_positive_rate": 0.31932773109243695,
      "f1": 0.6690391459074733,
      "precision": 0.5529411764705883,
      "num_hallucinated": 151,
      "num_valid": 312
    }
  },
  "per_type_metrics": {
    "arxiv_version_mismatch": {
      "detection_rate": 0.8484848484848485,
      "false_positive_rate": 0.0,
      "f1": 0.9180327868852458,
      "count": 45
    },
    "chimeric_title": {
      "detection_rate": 0.8,
      "false_positive_rate": 0.0,
      "f1": 0.888888888888889,
      "count": 23
    },
    "fabricated_doi": {
      "detection_rate": 0.9523809523809523,
      "false_positive_rate": 0.0,
      "f1": 0.975609756097561,
      "count": 29
    },
    "future_date": {
      "detection_rate": 1.0,
      "false_positive_rate": 0.0,
      "f1": 1.0,
      "count": 29
    },
    "hybrid_fabrication": {
      "detection_rate": 0.8,
      "false_positive_rate": 0.0,
      "f1": 0.888888888888889,
      "count": 29
    },
    "merged_citation": {
      "detection_rate": 0.84,
      "false_positive_rate": 0.0,
      "f1": 0.9130434782608696,
      "count": 29
    },
    "near_miss_title": {
      "detection_rate": 0.6666666666666666,
      "false_positive_rate": 0.0,
      "f1": 0.8,
      "count": 40
    },
    "nonexistent_venue": {
      "detection_rate": 0.967741935483871,
      "false_positive_rate": 0.0,
      "f1": 0.9836065573770492,
      "count": 37
    },
    "partial_author_list": {
      "detection_rate": 0.48148148148148145,
      "false_positive_rate": 0.0,
      "f1": 0.65,
      "count": 31
    },
    "placeholder_authors": {
      "detection_rate": 0.9310344827586207,
      "false_positive_rate": 0.0,
      "f1": 0.9642857142857143,
      "count": 35
    },
    "plausible_fabrication": {
      "detection_rate": 0.9583333333333334,
      "false_positive_rate": 0.0,
      "f1": 0.9787234042553191,
      "count": 66
    },
    "preprint_as_published": {
      "detection_rate": 0.8461538461538461,
      "false_positive_rate": 0.0,
      "f1": 0.9166666666666666,
      "count": 29
    },
    "swapped_authors": {
      "detection_rate": 0.6122448979591837,
      "false_positive_rate": 0.0,
      "f1": 0.759493670886076,
      "count": 63
    },
    "valid": {
      "detection_rate": 0.0,
      "false_positive_rate": 0.31932773109243695,
      "f1": 0.0,
      "count": 312
    },
    "wrong_venue": {
      "detection_rate": 0.6785714285714286,
      "false_positive_rate": 0.0,
      "f1": 0.8085106382978724,
      "count": 34
    }
  },
  "coverage": 1.0,
  "coverage_adjusted_f1": 0.8116646415552855
}
