{
  "tool_name": "llm_openrouter_claude_sonnet_4_6",
  "split_name": "dev_public",
  "num_entries": 1119,
  "num_hallucinated": 606,
  "num_valid": 513,
  "detection_rate": 0.7805280528052805,
  "false_positive_rate": 0.1267056530214425,
  "f1_hallucination": 0.8269230769230769,
  "tier_weighted_f1": 0.8340080971659918,
  "mcc": 0.6520420226244813,
  "macro_f1": 0.8229679369990155,
  "union_recall_at_k": {},
  "temporal_robustness": null,
  "cost_efficiency": 0.1702298632498696,
  "mean_api_calls": 1.0,
  "ece": 0.06579982126899019,
  "auroc": 0.8874813904654172,
  "auprc": 0.9189281373794531,
  "num_uncertain": 0,
  "tier3_f1": 0.7439353099730459,
  "detection_rate_ci": null,
  "f1_hallucination_ci": null,
  "tier_weighted_f1_ci": null,
  "fpr_ci": null,
  "ece_ci": null,
  "mcc_ci": null,
  "tier3_f1_ci": null,
  "per_tier_metrics": {
    "1": {
      "detection_rate": 0.9415584415584416,
      "false_positive_rate": 0.1267056530214425,
      "f1": 0.8405797101449276,
      "precision": 0.7591623036649214,
      "num_hallucinated": 154,
      "num_valid": 513
    },
    "2": {
      "detection_rate": 0.7240143369175627,
      "false_positive_rate": 0.1267056530214425,
      "f1": 0.7641681901279708,
      "precision": 0.8196078431372549,
      "num_hallucinated": 279,
      "num_valid": 513
    },
    "3": {
      "detection_rate": 0.7283236994219653,
      "false_positive_rate": 0.1267056530214425,
      "f1": 0.7439353099730459,
      "precision": 0.75,
      "num_hallucinated": 173,
      "num_valid": 513
    }
  },
  "per_type_metrics": {
    "arxiv_version_mismatch": {
      "detection_rate": 0.8333333333333334,
      "false_positive_rate": 0.0,
      "f1": 0.9090909090909091,
      "count": 30
    },
    "chimeric_title": {
      "detection_rate": 0.9069767441860465,
      "false_positive_rate": 0.0,
      "f1": 0.951219512195122,
      "count": 43
    },
    "fabricated_doi": {
      "detection_rate": 0.8205128205128205,
      "false_positive_rate": 0.0,
      "f1": 0.9014084507042254,
      "count": 39
    },
    "future_date": {
      "detection_rate": 1.0,
      "false_positive_rate": 0.0,
      "f1": 1.0,
      "count": 30
    },
    "hybrid_fabrication": {
      "detection_rate": 0.8,
      "false_positive_rate": 0.0,
      "f1": 0.888888888888889,
      "count": 45
    },
    "merged_citation": {
      "detection_rate": 0.9666666666666667,
      "false_positive_rate": 0.0,
      "f1": 0.983050847457627,
      "count": 30
    },
    "near_miss_title": {
      "detection_rate": 0.36585365853658536,
      "false_positive_rate": 0.0,
      "f1": 0.5357142857142857,
      "count": 41
    },
    "nonexistent_venue": {
      "detection_rate": 1.0,
      "false_positive_rate": 0.0,
      "f1": 1.0,
      "count": 40
    },
    "partial_author_list": {
      "detection_rate": 0.2,
      "false_positive_rate": 0.0,
      "f1": 0.33333333333333337,
      "count": 30
    },
    "placeholder_authors": {
      "detection_rate": 0.9555555555555556,
      "false_positive_rate": 0.0,
      "f1": 0.9772727272727273,
      "count": 45
    },
    "plausible_fabrication": {
      "detection_rate": 0.8448275862068966,
      "false_positive_rate": 0.0,
      "f1": 0.9158878504672897,
      "count": 116
    },
    "preprint_as_published": {
      "detection_rate": 0.7419354838709677,
      "false_positive_rate": 0.0,
      "f1": 0.8518518518518519,
      "count": 31
    },
    "swapped_authors": {
      "detection_rate": 0.6119402985074627,
      "false_positive_rate": 0.0,
      "f1": 0.7592592592592593,
      "count": 67
    },
    "valid": {
      "detection_rate": 0.0,
      "false_positive_rate": 0.1267056530214425,
      "f1": 0.0,
      "count": 513
    },
    "wrong_venue": {
      "detection_rate": 0.7608695652173914,
      "false_positive_rate": 0.0,
      "f1": 0.8641975308641976,
      "count": 46
    }
  },
  "coverage": 1.0,
  "coverage_adjusted_f1": 0.8403074295473953
}
