{
  "tool_name": "llm_openrouter_qwen",
  "split_name": "dev_public",
  "num_entries": 1119,
  "num_hallucinated": 606,
  "num_valid": 513,
  "detection_rate": 0.859504132231405,
  "false_positive_rate": 0.533203125,
  "f1_hallucination": 0.7439198855507868,
  "tier_weighted_f1": 0.8212334113973458,
  "mcc": 0.3582795197744753,
  "macro_f1": 0.6578451102395082,
  "union_recall_at_k": {},
  "temporal_robustness": null,
  "cost_efficiency": 0.12823226866752407,
  "mean_api_calls": 1.0,
  "ece": 0.2794897045658013,
  "auroc": 0.6944747546487604,
  "auprc": 0.6812022258932757,
  "num_uncertain": 2,
  "detection_rate_ci": null,
  "f1_hallucination_ci": null,
  "tier_weighted_f1_ci": null,
  "fpr_ci": null,
  "ece_ci": null,
  "mcc_ci": null,
  "per_tier_metrics": {
    "1": {
      "detection_rate": 0.9731543624161074,
      "false_positive_rate": 0.533203125,
      "f1": 0.5114638447971781,
      "precision": 0.34688995215311,
      "num_hallucinated": 149,
      "num_valid": 513
    },
    "2": {
      "detection_rate": 0.7785714285714286,
      "false_positive_rate": 0.533203125,
      "f1": 0.5654993514915694,
      "precision": 0.4439918533604888,
      "num_hallucinated": 280,
      "num_valid": 513
    },
    "3": {
      "detection_rate": 0.8920454545454546,
      "false_positive_rate": 0.533203125,
      "f1": 0.5181518151815181,
      "precision": 0.36511627906976746,
      "num_hallucinated": 177,
      "num_valid": 513
    }
  },
  "per_type_metrics": {
    "arxiv_version_mismatch": {
      "detection_rate": 0.9791666666666666,
      "false_positive_rate": 0.0,
      "f1": 0.9894736842105264,
      "count": 49
    },
    "chimeric_title": {
      "detection_rate": 0.8297872340425532,
      "false_positive_rate": 0.0,
      "f1": 0.9069767441860465,
      "count": 47
    },
    "fabricated_doi": {
      "detection_rate": 1.0,
      "false_positive_rate": 0.0,
      "f1": 1.0,
      "count": 39
    },
    "future_date": {
      "detection_rate": 1.0,
      "false_positive_rate": 0.0,
      "f1": 1.0,
      "count": 30
    },
    "hybrid_fabrication": {
      "detection_rate": 0.8846153846153846,
      "false_positive_rate": 0.0,
      "f1": 0.9387755102040816,
      "count": 26
    },
    "merged_citation": {
      "detection_rate": 0.9666666666666667,
      "false_positive_rate": 0.0,
      "f1": 0.983050847457627,
      "count": 30
    },
    "near_miss_title": {
      "detection_rate": 0.6730769230769231,
      "false_positive_rate": 0.0,
      "f1": 0.8045977011494253,
      "count": 52
    },
    "nonexistent_venue": {
      "detection_rate": 1.0,
      "false_positive_rate": 0.0,
      "f1": 1.0,
      "count": 39
    },
    "partial_author_list": {
      "detection_rate": 0.65625,
      "false_positive_rate": 0.0,
      "f1": 0.7924528301886793,
      "count": 32
    },
    "placeholder_authors": {
      "detection_rate": 0.9024390243902439,
      "false_positive_rate": 0.0,
      "f1": 0.9487179487179488,
      "count": 41
    },
    "plausible_fabrication": {
      "detection_rate": 0.9868421052631579,
      "false_positive_rate": 0.0,
      "f1": 0.9933774834437086,
      "count": 76
    },
    "preprint_as_published": {
      "detection_rate": 0.9032258064516129,
      "false_positive_rate": 0.0,
      "f1": 0.9491525423728813,
      "count": 31
    },
    "swapped_authors": {
      "detection_rate": 0.5223880597014925,
      "false_positive_rate": 0.0,
      "f1": 0.6862745098039216,
      "count": 67
    },
    "valid": {
      "detection_rate": 0.0,
      "false_positive_rate": 0.533203125,
      "f1": 0.0,
      "count": 513
    },
    "wrong_venue": {
      "detection_rate": 0.9148936170212766,
      "false_positive_rate": 0.0,
      "f1": 0.9555555555555556,
      "count": 47
    }
  },
  "coverage": 1.0,
  "coverage_adjusted_f1": 0.7439198855507868
}
