{
  "tool_name": "llm_openrouter_mistral",
  "split_name": "dev_public",
  "num_entries": 1119,
  "num_hallucinated": 606,
  "num_valid": 513,
  "detection_rate": 0.7164429530201343,
  "false_positive_rate": 0.25048923679060664,
  "f1_hallucination": 0.7419635099913119,
  "tier_weighted_f1": 0.7652733118971062,
  "mcc": 0.4645798071032467,
  "macro_f1": 0.7312827898028055,
  "union_recall_at_k": {},
  "temporal_robustness": null,
  "cost_efficiency": 0.24249890745057848,
  "mean_api_calls": 1.0,
  "ece": 0.2288888888888888,
  "auroc": 0.7437909612682069,
  "auprc": 0.7301531916967208,
  "num_uncertain": 12,
  "detection_rate_ci": null,
  "f1_hallucination_ci": null,
  "tier_weighted_f1_ci": null,
  "fpr_ci": null,
  "ece_ci": null,
  "mcc_ci": null,
  "per_tier_metrics": {
    "1": {
      "detection_rate": 0.9662162162162162,
      "false_positive_rate": 0.25048923679060664,
      "f1": 0.6825775656324582,
      "precision": 0.5276752767527675,
      "num_hallucinated": 149,
      "num_valid": 513
    },
    "2": {
      "detection_rate": 0.5869565217391305,
      "false_positive_rate": 0.25048923679060664,
      "f1": 0.5724381625441697,
      "precision": 0.5586206896551724,
      "num_hallucinated": 280,
      "num_valid": 513
    },
    "3": {
      "detection_rate": 0.7093023255813954,
      "false_positive_rate": 0.25048923679060664,
      "f1": 0.5781990521327015,
      "precision": 0.488,
      "num_hallucinated": 177,
      "num_valid": 513
    }
  },
  "per_type_metrics": {
    "arxiv_version_mismatch": {
      "detection_rate": 0.6590909090909091,
      "false_positive_rate": 0.0,
      "f1": 0.7945205479452054,
      "count": 49
    },
    "chimeric_title": {
      "detection_rate": 0.8085106382978723,
      "false_positive_rate": 0.0,
      "f1": 0.8941176470588235,
      "count": 47
    },
    "fabricated_doi": {
      "detection_rate": 0.9743589743589743,
      "false_positive_rate": 0.0,
      "f1": 0.9870129870129869,
      "count": 39
    },
    "future_date": {
      "detection_rate": 1.0,
      "false_positive_rate": 0.0,
      "f1": 1.0,
      "count": 30
    },
    "hybrid_fabrication": {
      "detection_rate": 0.9230769230769231,
      "false_positive_rate": 0.0,
      "f1": 0.9600000000000001,
      "count": 26
    },
    "merged_citation": {
      "detection_rate": 0.7666666666666667,
      "false_positive_rate": 0.0,
      "f1": 0.8679245283018869,
      "count": 30
    },
    "near_miss_title": {
      "detection_rate": 0.5576923076923077,
      "false_positive_rate": 0.0,
      "f1": 0.7160493827160493,
      "count": 52
    },
    "nonexistent_venue": {
      "detection_rate": 0.9736842105263158,
      "false_positive_rate": 0.0,
      "f1": 0.9866666666666666,
      "count": 39
    },
    "partial_author_list": {
      "detection_rate": 0.2903225806451613,
      "false_positive_rate": 0.0,
      "f1": 0.45000000000000007,
      "count": 32
    },
    "placeholder_authors": {
      "detection_rate": 0.926829268292683,
      "false_positive_rate": 0.0,
      "f1": 0.9620253164556963,
      "count": 41
    },
    "plausible_fabrication": {
      "detection_rate": 0.8421052631578947,
      "false_positive_rate": 0.0,
      "f1": 0.9142857142857143,
      "count": 76
    },
    "preprint_as_published": {
      "detection_rate": 0.45161290322580644,
      "false_positive_rate": 0.0,
      "f1": 0.6222222222222222,
      "count": 31
    },
    "swapped_authors": {
      "detection_rate": 0.3484848484848485,
      "false_positive_rate": 0.0,
      "f1": 0.5168539325842696,
      "count": 67
    },
    "valid": {
      "detection_rate": 0.0,
      "false_positive_rate": 0.25048923679060664,
      "f1": 0.0,
      "count": 513
    },
    "wrong_venue": {
      "detection_rate": 0.6888888888888889,
      "false_positive_rate": 0.0,
      "f1": 0.8157894736842105,
      "count": 47
    }
  },
  "coverage": 1.0,
  "coverage_adjusted_f1": 0.7419635099913119
}
