{
  "tool_name": "llm_openrouter_qwen",
  "split_name": "test_public",
  "num_entries": 831,
  "num_hallucinated": 544,
  "num_valid": 287,
  "detection_rate": 0.8876611418047882,
  "false_positive_rate": 0.6306620209059234,
  "f1_hallucination": 0.7993366500829188,
  "tier_weighted_f1": 0.8586433260393874,
  "mcc": 0.30490005391048514,
  "macro_f1": 0.6331485012529131,
  "union_recall_at_k": {},
  "temporal_robustness": null,
  "cost_efficiency": 0.05428038689120745,
  "mean_api_calls": 1.0,
  "ece": 0.249,
  "auroc": 0.6479745381510642,
  "auprc": 0.7427095415875294,
  "num_uncertain": 1,
  "tier3_f1": 0.5887096774193548,
  "detection_rate_ci": null,
  "f1_hallucination_ci": null,
  "tier_weighted_f1_ci": null,
  "fpr_ci": null,
  "ece_ci": null,
  "mcc_ci": null,
  "tier3_f1_ci": null,
  "per_tier_metrics": {
    "1": {
      "detection_rate": 0.9772727272727273,
      "false_positive_rate": 0.6306620209059234,
      "f1": 0.5837104072398189,
      "precision": 0.4161290322580645,
      "num_hallucinated": 132,
      "num_valid": 287
    },
    "2": {
      "detection_rate": 0.8553719008264463,
      "false_positive_rate": 0.6306620209059234,
      "f1": 0.6571428571428571,
      "precision": 0.5335051546391752,
      "num_hallucinated": 243,
      "num_valid": 287
    },
    "3": {
      "detection_rate": 0.863905325443787,
      "false_positive_rate": 0.6306620209059234,
      "f1": 0.5887096774193548,
      "precision": 0.44648318042813456,
      "num_hallucinated": 169,
      "num_valid": 287
    }
  },
  "per_type_metrics": {
    "arxiv_version_mismatch": {
      "detection_rate": 0.8928571428571429,
      "false_positive_rate": 0.0,
      "f1": 0.9433962264150945,
      "count": 28
    },
    "chimeric_title": {
      "detection_rate": 1.0,
      "false_positive_rate": 0.0,
      "f1": 1.0,
      "count": 24
    },
    "fabricated_doi": {
      "detection_rate": 1.0,
      "false_positive_rate": 0.0,
      "f1": 1.0,
      "count": 29
    },
    "future_date": {
      "detection_rate": 1.0,
      "false_positive_rate": 0.0,
      "f1": 1.0,
      "count": 29
    },
    "hybrid_fabrication": {
      "detection_rate": 0.875,
      "false_positive_rate": 0.0,
      "f1": 0.9333333333333333,
      "count": 40
    },
    "merged_citation": {
      "detection_rate": 0.9655172413793104,
      "false_positive_rate": 0.0,
      "f1": 0.9824561403508771,
      "count": 29
    },
    "near_miss_title": {
      "detection_rate": 0.7368421052631579,
      "false_positive_rate": 0.0,
      "f1": 0.8484848484848484,
      "count": 38
    },
    "nonexistent_venue": {
      "detection_rate": 1.0,
      "false_positive_rate": 0.0,
      "f1": 1.0,
      "count": 38
    },
    "partial_author_list": {
      "detection_rate": 0.7586206896551724,
      "false_positive_rate": 0.0,
      "f1": 0.8627450980392156,
      "count": 29
    },
    "placeholder_authors": {
      "detection_rate": 0.9166666666666666,
      "false_positive_rate": 0.0,
      "f1": 0.9565217391304348,
      "count": 36
    },
    "plausible_fabrication": {
      "detection_rate": 0.9029126213592233,
      "false_positive_rate": 0.0,
      "f1": 0.9489795918367347,
      "count": 103
    },
    "preprint_as_published": {
      "detection_rate": 0.9310344827586207,
      "false_positive_rate": 0.0,
      "f1": 0.9642857142857143,
      "count": 29
    },
    "swapped_authors": {
      "detection_rate": 0.6727272727272727,
      "false_positive_rate": 0.0,
      "f1": 0.8043478260869564,
      "count": 56
    },
    "valid": {
      "detection_rate": 0.0,
      "false_positive_rate": 0.6306620209059234,
      "f1": 0.0,
      "count": 287
    },
    "wrong_venue": {
      "detection_rate": 0.9444444444444444,
      "false_positive_rate": 0.0,
      "f1": 0.9714285714285714,
      "count": 36
    }
  },
  "coverage": 1.0,
  "coverage_adjusted_f1": 0.7993366500829188
}
