{
  "tool_name": "llm_openrouter_llama_4_maverick",
  "split_name": "dev_public",
  "num_entries": 1119,
  "num_hallucinated": 606,
  "num_valid": 513,
  "detection_rate": 0.6138613861386139,
  "false_positive_rate": 0.14619883040935672,
  "f1_hallucination": 0.7065527065527065,
  "tier_weighted_f1": 0.708885616102111,
  "mcc": 0.4757613909976541,
  "macro_f1": 0.7228966064409102,
  "union_recall_at_k": {},
  "temporal_robustness": null,
  "cost_efficiency": 0.2408808912529556,
  "mean_api_calls": 1.0,
  "ece": 0.17602323503127795,
  "auroc": 0.759622745900321,
  "auprc": 0.7621867132174338,
  "num_uncertain": 0,
  "tier3_f1": 0.6038781163434902,
  "detection_rate_ci": null,
  "f1_hallucination_ci": null,
  "tier_weighted_f1_ci": null,
  "fpr_ci": null,
  "ece_ci": null,
  "mcc_ci": null,
  "tier3_f1_ci": null,
  "per_tier_metrics": {
    "1": {
      "detection_rate": 0.8791946308724832,
      "false_positive_rate": 0.14619883040935672,
      "f1": 0.7380281690140846,
      "precision": 0.6359223300970874,
      "num_hallucinated": 149,
      "num_valid": 513
    },
    "2": {
      "detection_rate": 0.4714285714285714,
      "false_positive_rate": 0.14619883040935672,
      "f1": 0.5420944558521561,
      "precision": 0.6376811594202898,
      "num_hallucinated": 280,
      "num_valid": 513
    },
    "3": {
      "detection_rate": 0.615819209039548,
      "false_positive_rate": 0.14619883040935672,
      "f1": 0.6038781163434902,
      "precision": 0.592391304347826,
      "num_hallucinated": 177,
      "num_valid": 513
    }
  },
  "per_type_metrics": {
    "arxiv_version_mismatch": {
      "detection_rate": 0.6326530612244898,
      "false_positive_rate": 0.0,
      "f1": 0.775,
      "count": 49
    },
    "chimeric_title": {
      "detection_rate": 0.5957446808510638,
      "false_positive_rate": 0.0,
      "f1": 0.7466666666666666,
      "count": 47
    },
    "fabricated_doi": {
      "detection_rate": 1.0,
      "false_positive_rate": 0.0,
      "f1": 1.0,
      "count": 39
    },
    "future_date": {
      "detection_rate": 1.0,
      "false_positive_rate": 0.0,
      "f1": 1.0,
      "count": 30
    },
    "hybrid_fabrication": {
      "detection_rate": 0.6923076923076923,
      "false_positive_rate": 0.0,
      "f1": 0.8181818181818181,
      "count": 26
    },
    "merged_citation": {
      "detection_rate": 0.6666666666666666,
      "false_positive_rate": 0.0,
      "f1": 0.8,
      "count": 30
    },
    "near_miss_title": {
      "detection_rate": 0.2692307692307692,
      "false_positive_rate": 0.0,
      "f1": 0.42424242424242425,
      "count": 52
    },
    "nonexistent_venue": {
      "detection_rate": 0.9487179487179487,
      "false_positive_rate": 0.0,
      "f1": 0.9736842105263158,
      "count": 39
    },
    "partial_author_list": {
      "detection_rate": 0.21875,
      "false_positive_rate": 0.0,
      "f1": 0.358974358974359,
      "count": 32
    },
    "placeholder_authors": {
      "detection_rate": 0.6097560975609756,
      "false_positive_rate": 0.0,
      "f1": 0.7575757575757575,
      "count": 41
    },
    "plausible_fabrication": {
      "detection_rate": 0.8421052631578947,
      "false_positive_rate": 0.0,
      "f1": 0.9142857142857143,
      "count": 76
    },
    "preprint_as_published": {
      "detection_rate": 0.5483870967741935,
      "false_positive_rate": 0.0,
      "f1": 0.7083333333333333,
      "count": 31
    },
    "swapped_authors": {
      "detection_rate": 0.19402985074626866,
      "false_positive_rate": 0.0,
      "f1": 0.325,
      "count": 67
    },
    "valid": {
      "detection_rate": 0.0,
      "false_positive_rate": 0.14619883040935672,
      "f1": 0.0,
      "count": 513
    },
    "wrong_venue": {
      "detection_rate": 0.6170212765957447,
      "false_positive_rate": 0.0,
      "f1": 0.763157894736842,
      "count": 47
    }
  },
  "coverage": 1.0,
  "coverage_adjusted_f1": 0.7065527065527065
}
