{
  "tool_name": "llm_agentic_btu_sonnet_4_6",
  "split_name": "dev_public",
  "num_entries": 1119,
  "num_hallucinated": 633,
  "num_valid": 486,
  "detection_rate": 0.9699842022116903,
  "false_positive_rate": 0.42592592592592593,
  "f1_hallucination": 0.844566712517194,
  "tier_weighted_f1": 0.908300108735049,
  "mcc": 0.6100784721040666,
  "macro_f1": 0.7781507031973725,
  "union_recall_at_k": {},
  "temporal_robustness": null,
  "cost_efficiency": 0.053076422840556185,
  "mean_api_calls": 2.058981233243968,
  "ece": 0.11039320822162645,
  "auroc": 0.9290659801454957,
  "auprc": 0.9261408366943731,
  "num_uncertain": 0,
  "tier3_f1": 0.6223776223776224,
  "detection_rate_ci": null,
  "f1_hallucination_ci": null,
  "tier_weighted_f1_ci": null,
  "fpr_ci": null,
  "ece_ci": null,
  "mcc_ci": null,
  "tier3_f1_ci": null,
  "per_tier_metrics": {
    "1": {
      "detection_rate": 0.9935064935064936,
      "false_positive_rate": 0.42592592592592593,
      "f1": 0.5953307392996109,
      "precision": 0.425,
      "num_hallucinated": 154,
      "num_valid": 486
    },
    "2": {
      "detection_rate": 0.9691780821917808,
      "false_positive_rate": 0.42592592592592593,
      "f1": 0.7237851662404093,
      "precision": 0.5775510204081633,
      "num_hallucinated": 292,
      "num_valid": 486
    },
    "3": {
      "detection_rate": 0.9518716577540107,
      "false_positive_rate": 0.42592592592592593,
      "f1": 0.6223776223776224,
      "precision": 0.4623376623376623,
      "num_hallucinated": 187,
      "num_valid": 486
    }
  },
  "per_type_metrics": {
    "arxiv_version_mismatch": {
      "detection_rate": 1.0,
      "false_positive_rate": 0.0,
      "f1": 1.0,
      "count": 30
    },
    "chimeric_title": {
      "detection_rate": 1.0,
      "false_positive_rate": 0.0,
      "f1": 1.0,
      "count": 43
    },
    "fabricated_doi": {
      "detection_rate": 0.9743589743589743,
      "false_positive_rate": 0.0,
      "f1": 0.9870129870129869,
      "count": 39
    },
    "future_date": {
      "detection_rate": 1.0,
      "false_positive_rate": 0.0,
      "f1": 1.0,
      "count": 30
    },
    "hybrid_fabrication": {
      "detection_rate": 0.9111111111111111,
      "false_positive_rate": 0.0,
      "f1": 0.9534883720930233,
      "count": 45
    },
    "merged_citation": {
      "detection_rate": 1.0,
      "false_positive_rate": 0.0,
      "f1": 1.0,
      "count": 30
    },
    "near_miss_title": {
      "detection_rate": 0.926829268292683,
      "false_positive_rate": 0.0,
      "f1": 0.9620253164556963,
      "count": 41
    },
    "nonexistent_venue": {
      "detection_rate": 1.0,
      "false_positive_rate": 0.0,
      "f1": 1.0,
      "count": 40
    },
    "partial_author_list": {
      "detection_rate": 0.9666666666666667,
      "false_positive_rate": 0.0,
      "f1": 0.983050847457627,
      "count": 30
    },
    "placeholder_authors": {
      "detection_rate": 1.0,
      "false_positive_rate": 0.0,
      "f1": 1.0,
      "count": 45
    },
    "plausible_fabrication": {
      "detection_rate": 0.9482758620689655,
      "false_positive_rate": 0.0,
      "f1": 0.9734513274336283,
      "count": 116
    },
    "preprint_as_published": {
      "detection_rate": 1.0,
      "false_positive_rate": 0.0,
      "f1": 1.0,
      "count": 31
    },
    "swapped_authors": {
      "detection_rate": 0.9552238805970149,
      "false_positive_rate": 0.0,
      "f1": 0.9770992366412213,
      "count": 67
    },
    "valid": {
      "detection_rate": 0.0,
      "false_positive_rate": 0.42592592592592593,
      "f1": 0.0,
      "count": 486
    },
    "wrong_venue": {
      "detection_rate": 0.9782608695652174,
      "false_positive_rate": 0.0,
      "f1": 0.989010989010989,
      "count": 46
    }
  },
  "coverage": 1.0,
  "coverage_adjusted_f1": 0.844566712517194
}
