{
  "tool_name": "llm_openrouter_gemini_flash",
  "split_name": "test_public",
  "num_entries": 831,
  "num_hallucinated": 544,
  "num_valid": 287,
  "detection_rate": 0.4834558823529412,
  "false_positive_rate": 0.11149825783972125,
  "f1_hallucination": 0.6269368295589988,
  "tier_weighted_f1": 0.6060240963855421,
  "mcc": 0.3696072324112067,
  "macro_f1": 0.6233104560917715,
  "union_recall_at_k": {},
  "temporal_robustness": null,
  "cost_efficiency": 0.12058673512010128,
  "mean_api_calls": 1.0,
  "ece": 0.33517448856799037,
  "auroc": 0.7177764398442306,
  "auprc": 0.8023535280722163,
  "num_uncertain": 0,
  "tier3_f1": 0.5274725274725275,
  "detection_rate_ci": null,
  "f1_hallucination_ci": null,
  "tier_weighted_f1_ci": null,
  "fpr_ci": null,
  "ece_ci": null,
  "mcc_ci": null,
  "tier3_f1_ci": null,
  "per_tier_metrics": {
    "1": {
      "detection_rate": 0.7196969696969697,
      "false_positive_rate": 0.11149825783972125,
      "f1": 0.7335907335907336,
      "precision": 0.7480314960629921,
      "num_hallucinated": 132,
      "num_valid": 287
    },
    "2": {
      "detection_rate": 0.3950617283950617,
      "false_positive_rate": 0.11149825783972125,
      "f1": 0.5175202156334232,
      "precision": 0.75,
      "num_hallucinated": 243,
      "num_valid": 287
    },
    "3": {
      "detection_rate": 0.4260355029585799,
      "false_positive_rate": 0.11149825783972125,
      "f1": 0.5274725274725275,
      "precision": 0.6923076923076923,
      "num_hallucinated": 169,
      "num_valid": 287
    }
  },
  "per_type_metrics": {
    "arxiv_version_mismatch": {
      "detection_rate": 0.32142857142857145,
      "false_positive_rate": 0.0,
      "f1": 0.4864864864864865,
      "count": 28
    },
    "chimeric_title": {
      "detection_rate": 0.7083333333333334,
      "false_positive_rate": 0.0,
      "f1": 0.8292682926829268,
      "count": 24
    },
    "fabricated_doi": {
      "detection_rate": 0.8275862068965517,
      "false_positive_rate": 0.0,
      "f1": 0.9056603773584906,
      "count": 29
    },
    "future_date": {
      "detection_rate": 1.0,
      "false_positive_rate": 0.0,
      "f1": 1.0,
      "count": 29
    },
    "hybrid_fabrication": {
      "detection_rate": 0.7,
      "false_positive_rate": 0.0,
      "f1": 0.8235294117647058,
      "count": 40
    },
    "merged_citation": {
      "detection_rate": 0.4482758620689655,
      "false_positive_rate": 0.0,
      "f1": 0.6190476190476191,
      "count": 29
    },
    "near_miss_title": {
      "detection_rate": 0.2894736842105263,
      "false_positive_rate": 0.0,
      "f1": 0.4489795918367347,
      "count": 38
    },
    "nonexistent_venue": {
      "detection_rate": 0.6578947368421053,
      "false_positive_rate": 0.0,
      "f1": 0.7936507936507937,
      "count": 38
    },
    "partial_author_list": {
      "detection_rate": 0.06896551724137931,
      "false_positive_rate": 0.0,
      "f1": 0.12903225806451613,
      "count": 29
    },
    "placeholder_authors": {
      "detection_rate": 0.4722222222222222,
      "false_positive_rate": 0.0,
      "f1": 0.6415094339622641,
      "count": 36
    },
    "plausible_fabrication": {
      "detection_rate": 0.5048543689320388,
      "false_positive_rate": 0.0,
      "f1": 0.6709677419354839,
      "count": 103
    },
    "preprint_as_published": {
      "detection_rate": 0.3448275862068966,
      "false_positive_rate": 0.0,
      "f1": 0.5128205128205129,
      "count": 29
    },
    "swapped_authors": {
      "detection_rate": 0.25,
      "false_positive_rate": 0.0,
      "f1": 0.4,
      "count": 56
    },
    "valid": {
      "detection_rate": 0.0,
      "false_positive_rate": 0.11149825783972125,
      "f1": 0.0,
      "count": 287
    },
    "wrong_venue": {
      "detection_rate": 0.3333333333333333,
      "false_positive_rate": 0.0,
      "f1": 0.5,
      "count": 36
    }
  },
  "coverage": 1.0,
  "coverage_adjusted_f1": 0.6269368295589988
}
