{
  "tool_name": "llm_openrouter_claude_opus_4_7",
  "split_name": "dev_public",
  "num_entries": 1119,
  "num_hallucinated": 633,
  "num_valid": 486,
  "detection_rate": 0.7330173775671406,
  "false_positive_rate": 0.059670781893004114,
  "f1_hallucination": 0.8241563055062165,
  "tier_weighted_f1": 0.8396679772826562,
  "mcc": 0.6722766575138235,
  "macro_f1": 0.8230493757746911,
  "union_recall_at_k": {},
  "temporal_robustness": null,
  "cost_efficiency": 0.24462190753970908,
  "mean_api_calls": 1.0,
  "ece": 0.11168900804289539,
  "auroc": 0.8663282819417628,
  "auprc": 0.8788666507084846,
  "num_uncertain": 0,
  "tier3_f1": 0.7762039660056658,
  "detection_rate_ci": null,
  "f1_hallucination_ci": null,
  "tier_weighted_f1_ci": null,
  "fpr_ci": null,
  "ece_ci": null,
  "mcc_ci": null,
  "tier3_f1_ci": null,
  "per_tier_metrics": {
    "1": {
      "detection_rate": 0.6753246753246753,
      "false_positive_rate": 0.059670781893004114,
      "f1": 0.7247386759581881,
      "precision": 0.7819548872180451,
      "num_hallucinated": 154,
      "num_valid": 486
    },
    "2": {
      "detection_rate": 0.7636986301369864,
      "false_positive_rate": 0.059670781893004114,
      "f1": 0.8198529411764706,
      "precision": 0.8849206349206349,
      "num_hallucinated": 292,
      "num_valid": 486
    },
    "3": {
      "detection_rate": 0.732620320855615,
      "false_positive_rate": 0.059670781893004114,
      "f1": 0.7762039660056658,
      "precision": 0.8253012048192772,
      "num_hallucinated": 187,
      "num_valid": 486
    }
  },
  "per_type_metrics": {
    "arxiv_version_mismatch": {
      "detection_rate": 0.8,
      "false_positive_rate": 0.0,
      "f1": 0.888888888888889,
      "count": 30
    },
    "chimeric_title": {
      "detection_rate": 0.9767441860465116,
      "false_positive_rate": 0.0,
      "f1": 0.988235294117647,
      "count": 43
    },
    "fabricated_doi": {
      "detection_rate": 0.4358974358974359,
      "false_positive_rate": 0.0,
      "f1": 0.6071428571428571,
      "count": 39
    },
    "future_date": {
      "detection_rate": 0.1,
      "false_positive_rate": 0.0,
      "f1": 0.18181818181818182,
      "count": 30
    },
    "hybrid_fabrication": {
      "detection_rate": 0.8222222222222222,
      "false_positive_rate": 0.0,
      "f1": 0.9024390243902439,
      "count": 45
    },
    "merged_citation": {
      "detection_rate": 1.0,
      "false_positive_rate": 0.0,
      "f1": 1.0,
      "count": 30
    },
    "near_miss_title": {
      "detection_rate": 0.4634146341463415,
      "false_positive_rate": 0.0,
      "f1": 0.6333333333333334,
      "count": 41
    },
    "nonexistent_venue": {
      "detection_rate": 0.975,
      "false_positive_rate": 0.0,
      "f1": 0.9873417721518987,
      "count": 40
    },
    "partial_author_list": {
      "detection_rate": 0.03333333333333333,
      "false_positive_rate": 0.0,
      "f1": 0.06451612903225806,
      "count": 30
    },
    "placeholder_authors": {
      "detection_rate": 1.0,
      "false_positive_rate": 0.0,
      "f1": 1.0,
      "count": 45
    },
    "plausible_fabrication": {
      "detection_rate": 0.8103448275862069,
      "false_positive_rate": 0.0,
      "f1": 0.8952380952380952,
      "count": 116
    },
    "preprint_as_published": {
      "detection_rate": 0.8064516129032258,
      "false_positive_rate": 0.0,
      "f1": 0.8928571428571428,
      "count": 31
    },
    "swapped_authors": {
      "detection_rate": 0.7014925373134329,
      "false_positive_rate": 0.0,
      "f1": 0.8245614035087719,
      "count": 67
    },
    "valid": {
      "detection_rate": 0.0,
      "false_positive_rate": 0.059670781893004114,
      "f1": 0.0,
      "count": 486
    },
    "wrong_venue": {
      "detection_rate": 0.8913043478260869,
      "false_positive_rate": 0.0,
      "f1": 0.9425287356321839,
      "count": 46
    }
  },
  "coverage": 1.0,
  "coverage_adjusted_f1": 0.8241563055062165
}
