{
  "tool_name": "llm_agentic_btu_openai",
  "split_name": "test_public",
  "num_entries": 831,
  "num_hallucinated": 544,
  "num_valid": 287,
  "detection_rate": 0.9375,
  "false_positive_rate": 0.34494773519163763,
  "f1_hallucination": 0.8846487424111014,
  "tier_weighted_f1": 0.9206349206349207,
  "mcc": 0.6367690215495228,
  "macro_f1": 0.8116760411466115,
  "union_recall_at_k": {},
  "temporal_robustness": null,
  "cost_efficiency": 0.10099810150078808,
  "mean_api_calls": 2.0,
  "ece": 0.05407942238267146,
  "auroc": 0.8458348278335726,
  "auprc": 0.8863106357308047,
  "num_uncertain": 0,
  "tier3_f1": 0.7268408551068883,
  "detection_rate_ci": null,
  "f1_hallucination_ci": null,
  "tier_weighted_f1_ci": null,
  "fpr_ci": null,
  "ece_ci": null,
  "mcc_ci": null,
  "tier3_f1_ci": null,
  "per_tier_metrics": {
    "1": {
      "detection_rate": 0.9772727272727273,
      "false_positive_rate": 0.34494773519163763,
      "f1": 0.7166666666666667,
      "precision": 0.5657894736842105,
      "num_hallucinated": 132,
      "num_valid": 287
    },
    "2": {
      "detection_rate": 0.9382716049382716,
      "false_positive_rate": 0.34494773519163763,
      "f1": 0.8,
      "precision": 0.6972477064220184,
      "num_hallucinated": 243,
      "num_valid": 287
    },
    "3": {
      "detection_rate": 0.9053254437869822,
      "false_positive_rate": 0.34494773519163763,
      "f1": 0.7268408551068883,
      "precision": 0.6071428571428571,
      "num_hallucinated": 169,
      "num_valid": 287
    }
  },
  "per_type_metrics": {
    "arxiv_version_mismatch": {
      "detection_rate": 0.9642857142857143,
      "false_positive_rate": 0.0,
      "f1": 0.9818181818181818,
      "count": 28
    },
    "chimeric_title": {
      "detection_rate": 0.9166666666666666,
      "false_positive_rate": 0.0,
      "f1": 0.9565217391304348,
      "count": 24
    },
    "fabricated_doi": {
      "detection_rate": 0.9655172413793104,
      "false_positive_rate": 0.0,
      "f1": 0.9824561403508771,
      "count": 29
    },
    "future_date": {
      "detection_rate": 1.0,
      "false_positive_rate": 0.0,
      "f1": 1.0,
      "count": 29
    },
    "hybrid_fabrication": {
      "detection_rate": 0.925,
      "false_positive_rate": 0.0,
      "f1": 0.961038961038961,
      "count": 40
    },
    "merged_citation": {
      "detection_rate": 1.0,
      "false_positive_rate": 0.0,
      "f1": 1.0,
      "count": 29
    },
    "near_miss_title": {
      "detection_rate": 0.8947368421052632,
      "false_positive_rate": 0.0,
      "f1": 0.9444444444444444,
      "count": 38
    },
    "nonexistent_venue": {
      "detection_rate": 0.9473684210526315,
      "false_positive_rate": 0.0,
      "f1": 0.972972972972973,
      "count": 38
    },
    "partial_author_list": {
      "detection_rate": 0.9655172413793104,
      "false_positive_rate": 0.0,
      "f1": 0.9824561403508771,
      "count": 29
    },
    "placeholder_authors": {
      "detection_rate": 1.0,
      "false_positive_rate": 0.0,
      "f1": 1.0,
      "count": 36
    },
    "plausible_fabrication": {
      "detection_rate": 0.8932038834951457,
      "false_positive_rate": 0.0,
      "f1": 0.9435897435897436,
      "count": 103
    },
    "preprint_as_published": {
      "detection_rate": 0.9310344827586207,
      "false_positive_rate": 0.0,
      "f1": 0.9642857142857143,
      "count": 29
    },
    "swapped_authors": {
      "detection_rate": 0.8928571428571429,
      "false_positive_rate": 0.0,
      "f1": 0.9433962264150945,
      "count": 56
    },
    "valid": {
      "detection_rate": 0.0,
      "false_positive_rate": 0.34494773519163763,
      "f1": 0.0,
      "count": 287
    },
    "wrong_venue": {
      "detection_rate": 0.9722222222222222,
      "false_positive_rate": 0.0,
      "f1": 0.9859154929577464,
      "count": 36
    }
  },
  "coverage": 1.0,
  "coverage_adjusted_f1": 0.8846487424111014
}
