{
  "tool_name": "llm_openai_gpt-5.4",
  "split_name": "dev_public",
  "num_entries": 1119,
  "num_hallucinated": 633,
  "num_valid": 486,
  "detection_rate": 0.7440758293838863,
  "false_positive_rate": 0.22839506172839505,
  "f1_hallucination": 0.7753086419753086,
  "tier_weighted_f1": 0.7917737789203083,
  "mcc": 0.5116256261184918,
  "macro_f1": 0.754223235943666,
  "union_recall_at_k": {},
  "temporal_robustness": null,
  "cost_efficiency": 0.3100427434073491,
  "mean_api_calls": 1.0,
  "ece": 0.2154781054512958,
  "auroc": 0.8140119231044279,
  "auprc": 0.8521185073534115,
  "num_uncertain": 0,
  "tier3_f1": 0.6107226107226107,
  "detection_rate_ci": null,
  "f1_hallucination_ci": null,
  "tier_weighted_f1_ci": null,
  "fpr_ci": null,
  "ece_ci": null,
  "mcc_ci": null,
  "tier3_f1_ci": null,
  "per_tier_metrics": {
    "1": {
      "detection_rate": 0.9675324675324676,
      "false_positive_rate": 0.22839506172839505,
      "f1": 0.7198067632850241,
      "precision": 0.573076923076923,
      "num_hallucinated": 154,
      "num_valid": 486
    },
    "2": {
      "detection_rate": 0.6541095890410958,
      "false_positive_rate": 0.22839506172839505,
      "f1": 0.6430976430976431,
      "precision": 0.6324503311258278,
      "num_hallucinated": 292,
      "num_valid": 486
    },
    "3": {
      "detection_rate": 0.7005347593582888,
      "false_positive_rate": 0.22839506172839505,
      "f1": 0.6107226107226107,
      "precision": 0.5413223140495868,
      "num_hallucinated": 187,
      "num_valid": 486
    }
  },
  "per_type_metrics": {
    "arxiv_version_mismatch": {
      "detection_rate": 0.7333333333333333,
      "false_positive_rate": 0.0,
      "f1": 0.846153846153846,
      "count": 30
    },
    "chimeric_title": {
      "detection_rate": 0.813953488372093,
      "false_positive_rate": 0.0,
      "f1": 0.8974358974358974,
      "count": 43
    },
    "fabricated_doi": {
      "detection_rate": 0.9743589743589743,
      "false_positive_rate": 0.0,
      "f1": 0.9870129870129869,
      "count": 39
    },
    "future_date": {
      "detection_rate": 1.0,
      "false_positive_rate": 0.0,
      "f1": 1.0,
      "count": 30
    },
    "hybrid_fabrication": {
      "detection_rate": 0.7111111111111111,
      "false_positive_rate": 0.0,
      "f1": 0.8311688311688311,
      "count": 45
    },
    "merged_citation": {
      "detection_rate": 0.8666666666666667,
      "false_positive_rate": 0.0,
      "f1": 0.9285714285714286,
      "count": 30
    },
    "near_miss_title": {
      "detection_rate": 0.4634146341463415,
      "false_positive_rate": 0.0,
      "f1": 0.6333333333333334,
      "count": 41
    },
    "nonexistent_venue": {
      "detection_rate": 1.0,
      "false_positive_rate": 0.0,
      "f1": 1.0,
      "count": 40
    },
    "partial_author_list": {
      "detection_rate": 0.3333333333333333,
      "false_positive_rate": 0.0,
      "f1": 0.5,
      "count": 30
    },
    "placeholder_authors": {
      "detection_rate": 0.9111111111111111,
      "false_positive_rate": 0.0,
      "f1": 0.9534883720930233,
      "count": 45
    },
    "plausible_fabrication": {
      "detection_rate": 0.7758620689655172,
      "false_positive_rate": 0.0,
      "f1": 0.8737864077669902,
      "count": 116
    },
    "preprint_as_published": {
      "detection_rate": 0.5806451612903226,
      "false_positive_rate": 0.0,
      "f1": 0.7346938775510204,
      "count": 31
    },
    "swapped_authors": {
      "detection_rate": 0.5522388059701493,
      "false_positive_rate": 0.0,
      "f1": 0.7115384615384616,
      "count": 67
    },
    "valid": {
      "detection_rate": 0.0,
      "false_positive_rate": 0.22839506172839505,
      "f1": 0.0,
      "count": 486
    },
    "wrong_venue": {
      "detection_rate": 0.717391304347826,
      "false_positive_rate": 0.0,
      "f1": 0.8354430379746834,
      "count": 46
    }
  },
  "coverage": 1.0,
  "coverage_adjusted_f1": 0.7753086419753086
}
