{
  "tool_name": "llm_openrouter_gemini_flash",
  "split_name": "test_public",
  "num_entries": 831,
  "num_hallucinated": 519,
  "num_valid": 312,
  "detection_rate": 0.5048169556840078,
  "false_positive_rate": 0.10576923076923077,
  "f1_hallucination": 0.6437346437346437,
  "tier_weighted_f1": 0.635,
  "mcc": 0.4038242658608639,
  "macro_f1": 0.650876755829586,
  "union_recall_at_k": {},
  "temporal_robustness": null,
  "cost_efficiency": 0.12058673512010128,
  "mean_api_calls": 1.0,
  "ece": 0.30749699157641397,
  "auroc": 0.7449483721160022,
  "auprc": 0.7989031149281516,
  "num_uncertain": 0,
  "tier3_f1": 0.5954198473282443,
  "detection_rate_ci": null,
  "f1_hallucination_ci": null,
  "tier_weighted_f1_ci": null,
  "fpr_ci": null,
  "ece_ci": null,
  "mcc_ci": null,
  "tier3_f1_ci": null,
  "per_tier_metrics": {
    "1": {
      "detection_rate": 0.7230769230769231,
      "false_positive_rate": 0.10576923076923077,
      "f1": 0.7315175097276263,
      "precision": 0.7401574803149606,
      "num_hallucinated": 130,
      "num_valid": 312
    },
    "2": {
      "detection_rate": 0.37815126050420167,
      "false_positive_rate": 0.10576923076923077,
      "f1": 0.4986149584487535,
      "precision": 0.7317073170731707,
      "num_hallucinated": 238,
      "num_valid": 312
    },
    "3": {
      "detection_rate": 0.5165562913907285,
      "false_positive_rate": 0.10576923076923077,
      "f1": 0.5954198473282443,
      "precision": 0.7027027027027027,
      "num_hallucinated": 151,
      "num_valid": 312
    }
  },
  "per_type_metrics": {
    "arxiv_version_mismatch": {
      "detection_rate": 0.4444444444444444,
      "false_positive_rate": 0.0,
      "f1": 0.6153846153846153,
      "count": 45
    },
    "chimeric_title": {
      "detection_rate": 0.7391304347826086,
      "false_positive_rate": 0.0,
      "f1": 0.85,
      "count": 23
    },
    "fabricated_doi": {
      "detection_rate": 0.8275862068965517,
      "false_positive_rate": 0.0,
      "f1": 0.9056603773584906,
      "count": 29
    },
    "future_date": {
      "detection_rate": 1.0,
      "false_positive_rate": 0.0,
      "f1": 1.0,
      "count": 29
    },
    "hybrid_fabrication": {
      "detection_rate": 0.7241379310344828,
      "false_positive_rate": 0.0,
      "f1": 0.8400000000000001,
      "count": 29
    },
    "merged_citation": {
      "detection_rate": 0.4482758620689655,
      "false_positive_rate": 0.0,
      "f1": 0.6190476190476191,
      "count": 29
    },
    "near_miss_title": {
      "detection_rate": 0.325,
      "false_positive_rate": 0.0,
      "f1": 0.4905660377358491,
      "count": 40
    },
    "nonexistent_venue": {
      "detection_rate": 0.6486486486486487,
      "false_positive_rate": 0.0,
      "f1": 0.7868852459016393,
      "count": 37
    },
    "partial_author_list": {
      "detection_rate": 0.0967741935483871,
      "false_positive_rate": 0.0,
      "f1": 0.17647058823529413,
      "count": 31
    },
    "placeholder_authors": {
      "detection_rate": 0.4857142857142857,
      "false_positive_rate": 0.0,
      "f1": 0.6538461538461539,
      "count": 35
    },
    "plausible_fabrication": {
      "detection_rate": 0.6818181818181818,
      "false_positive_rate": 0.0,
      "f1": 0.8108108108108109,
      "count": 66
    },
    "preprint_as_published": {
      "detection_rate": 0.3448275862068966,
      "false_positive_rate": 0.0,
      "f1": 0.5128205128205129,
      "count": 29
    },
    "swapped_authors": {
      "detection_rate": 0.2222222222222222,
      "false_positive_rate": 0.0,
      "f1": 0.3636363636363636,
      "count": 63
    },
    "valid": {
      "detection_rate": 0.0,
      "false_positive_rate": 0.10576923076923077,
      "f1": 0.0,
      "count": 312
    },
    "wrong_venue": {
      "detection_rate": 0.35294117647058826,
      "false_positive_rate": 0.0,
      "f1": 0.5217391304347826,
      "count": 34
    }
  },
  "coverage": 1.0,
  "coverage_adjusted_f1": 0.6437346437346437
}
