{
  "tool_name": "llm_agentic_btu_sonnet_4_6",
  "split_name": "test_public",
  "num_entries": 831,
  "num_hallucinated": 519,
  "num_valid": 312,
  "detection_rate": 0.9903660886319846,
  "false_positive_rate": 0.34294871794871795,
  "f1_hallucination": 0.9017543859649122,
  "tier_weighted_f1": 0.945750452079566,
  "mcc": 0.7214228206083263,
  "macro_f1": 0.843597499495866,
  "union_recall_at_k": {},
  "temporal_robustness": null,
  "cost_efficiency": 0.07064090317850552,
  "mean_api_calls": 2.0421179302045727,
  "ece": 0.07696750902527075,
  "auroc": 0.9421749172471715,
  "auprc": 0.948875413306444,
  "num_uncertain": 0,
  "tier3_f1": 0.7259259259259259,
  "detection_rate_ci": null,
  "f1_hallucination_ci": null,
  "tier_weighted_f1_ci": null,
  "fpr_ci": null,
  "ece_ci": null,
  "mcc_ci": null,
  "tier3_f1_ci": null,
  "per_tier_metrics": {
    "1": {
      "detection_rate": 0.9923076923076923,
      "false_positive_rate": 0.34294871794871795,
      "f1": 0.7049180327868853,
      "precision": 0.5466101694915254,
      "num_hallucinated": 130,
      "num_valid": 312
    },
    "2": {
      "detection_rate": 1.0,
      "false_positive_rate": 0.34294871794871795,
      "f1": 0.8164665523156089,
      "precision": 0.6898550724637681,
      "num_hallucinated": 238,
      "num_valid": 312
    },
    "3": {
      "detection_rate": 0.9735099337748344,
      "false_positive_rate": 0.34294871794871795,
      "f1": 0.7259259259259259,
      "precision": 0.5787401574803149,
      "num_hallucinated": 151,
      "num_valid": 312
    }
  },
  "per_type_metrics": {
    "arxiv_version_mismatch": {
      "detection_rate": 0.9777777777777777,
      "false_positive_rate": 0.0,
      "f1": 0.9887640449438202,
      "count": 45
    },
    "chimeric_title": {
      "detection_rate": 1.0,
      "false_positive_rate": 0.0,
      "f1": 1.0,
      "count": 23
    },
    "fabricated_doi": {
      "detection_rate": 0.9655172413793104,
      "false_positive_rate": 0.0,
      "f1": 0.9824561403508771,
      "count": 29
    },
    "future_date": {
      "detection_rate": 1.0,
      "false_positive_rate": 0.0,
      "f1": 1.0,
      "count": 29
    },
    "hybrid_fabrication": {
      "detection_rate": 1.0,
      "false_positive_rate": 0.0,
      "f1": 1.0,
      "count": 29
    },
    "merged_citation": {
      "detection_rate": 1.0,
      "false_positive_rate": 0.0,
      "f1": 1.0,
      "count": 29
    },
    "near_miss_title": {
      "detection_rate": 0.925,
      "false_positive_rate": 0.0,
      "f1": 0.961038961038961,
      "count": 40
    },
    "nonexistent_venue": {
      "detection_rate": 1.0,
      "false_positive_rate": 0.0,
      "f1": 1.0,
      "count": 37
    },
    "partial_author_list": {
      "detection_rate": 1.0,
      "false_positive_rate": 0.0,
      "f1": 1.0,
      "count": 31
    },
    "placeholder_authors": {
      "detection_rate": 1.0,
      "false_positive_rate": 0.0,
      "f1": 1.0,
      "count": 35
    },
    "plausible_fabrication": {
      "detection_rate": 1.0,
      "false_positive_rate": 0.0,
      "f1": 1.0,
      "count": 66
    },
    "preprint_as_published": {
      "detection_rate": 1.0,
      "false_positive_rate": 0.0,
      "f1": 1.0,
      "count": 29
    },
    "swapped_authors": {
      "detection_rate": 1.0,
      "false_positive_rate": 0.0,
      "f1": 1.0,
      "count": 63
    },
    "valid": {
      "detection_rate": 0.0,
      "false_positive_rate": 0.34294871794871795,
      "f1": 0.0,
      "count": 312
    },
    "wrong_venue": {
      "detection_rate": 1.0,
      "false_positive_rate": 0.0,
      "f1": 1.0,
      "count": 34
    }
  },
  "coverage": 1.0,
  "coverage_adjusted_f1": 0.9017543859649122
}
