{
  "tool_name": "llm_openrouter_claude_sonnet_4_6",
  "split_name": "test_public",
  "num_entries": 831,
  "num_hallucinated": 519,
  "num_valid": 312,
  "detection_rate": 0.8208092485549133,
  "false_positive_rate": 0.125,
  "f1_hallucination": 0.8658536585365855,
  "tier_weighted_f1": 0.8715313463514902,
  "mcc": 0.6787098526822191,
  "macro_f1": 0.8355816965249299,
  "union_recall_at_k": {},
  "temporal_robustness": null,
  "cost_efficiency": 0.20056095681182357,
  "mean_api_calls": 1.0,
  "ece": 0.05935018050541513,
  "auroc": 0.9124950595326318,
  "auprc": 0.9410800630388618,
  "num_uncertain": 0,
  "tier3_f1": 0.782051282051282,
  "detection_rate_ci": null,
  "f1_hallucination_ci": null,
  "tier_weighted_f1_ci": null,
  "fpr_ci": null,
  "ece_ci": null,
  "mcc_ci": null,
  "tier3_f1_ci": null,
  "per_tier_metrics": {
    "1": {
      "detection_rate": 0.9692307692307692,
      "false_positive_rate": 0.125,
      "f1": 0.8542372881355932,
      "precision": 0.7636363636363637,
      "num_hallucinated": 130,
      "num_valid": 312
    },
    "2": {
      "detection_rate": 0.7478991596638656,
      "false_positive_rate": 0.125,
      "f1": 0.7824175824175823,
      "precision": 0.8202764976958525,
      "num_hallucinated": 238,
      "num_valid": 312
    },
    "3": {
      "detection_rate": 0.8079470198675497,
      "false_positive_rate": 0.125,
      "f1": 0.782051282051282,
      "precision": 0.7577639751552795,
      "num_hallucinated": 151,
      "num_valid": 312
    }
  },
  "per_type_metrics": {
    "arxiv_version_mismatch": {
      "detection_rate": 0.9111111111111111,
      "false_positive_rate": 0.0,
      "f1": 0.9534883720930233,
      "count": 45
    },
    "chimeric_title": {
      "detection_rate": 0.9565217391304348,
      "false_positive_rate": 0.0,
      "f1": 0.9777777777777777,
      "count": 23
    },
    "fabricated_doi": {
      "detection_rate": 0.896551724137931,
      "false_positive_rate": 0.0,
      "f1": 0.9454545454545454,
      "count": 29
    },
    "future_date": {
      "detection_rate": 1.0,
      "false_positive_rate": 0.0,
      "f1": 1.0,
      "count": 29
    },
    "hybrid_fabrication": {
      "detection_rate": 0.9655172413793104,
      "false_positive_rate": 0.0,
      "f1": 0.9824561403508771,
      "count": 29
    },
    "merged_citation": {
      "detection_rate": 0.896551724137931,
      "false_positive_rate": 0.0,
      "f1": 0.9454545454545454,
      "count": 29
    },
    "near_miss_title": {
      "detection_rate": 0.425,
      "false_positive_rate": 0.0,
      "f1": 0.5964912280701754,
      "count": 40
    },
    "nonexistent_venue": {
      "detection_rate": 0.972972972972973,
      "false_positive_rate": 0.0,
      "f1": 0.9863013698630138,
      "count": 37
    },
    "partial_author_list": {
      "detection_rate": 0.16129032258064516,
      "false_positive_rate": 0.0,
      "f1": 0.27777777777777773,
      "count": 31
    },
    "placeholder_authors": {
      "detection_rate": 1.0,
      "false_positive_rate": 0.0,
      "f1": 1.0,
      "count": 35
    },
    "plausible_fabrication": {
      "detection_rate": 0.9696969696969697,
      "false_positive_rate": 0.0,
      "f1": 0.9846153846153847,
      "count": 66
    },
    "preprint_as_published": {
      "detection_rate": 0.8620689655172413,
      "false_positive_rate": 0.0,
      "f1": 0.9259259259259259,
      "count": 29
    },
    "swapped_authors": {
      "detection_rate": 0.6984126984126984,
      "false_positive_rate": 0.0,
      "f1": 0.822429906542056,
      "count": 63
    },
    "valid": {
      "detection_rate": 0.0,
      "false_positive_rate": 0.125,
      "f1": 0.0,
      "count": 312
    },
    "wrong_venue": {
      "detection_rate": 0.8235294117647058,
      "false_positive_rate": 0.0,
      "f1": 0.9032258064516129,
      "count": 34
    }
  },
  "coverage": 1.0,
  "coverage_adjusted_f1": 0.8658536585365855
}
