{
  "tool_name": "llm_agentic_btu_openai",
  "split_name": "dev_public",
  "num_entries": 1119,
  "num_hallucinated": 606,
  "num_valid": 513,
  "detection_rate": 0.9801980198019802,
  "false_positive_rate": 0.4697855750487329,
  "f1_hallucination": 0.8244274809160305,
  "tier_weighted_f1": 0.8997028231797919,
  "mcc": 0.5844048904692085,
  "macro_f1": 0.7534935397051921,
  "union_recall_at_k": {},
  "temporal_robustness": null,
  "cost_efficiency": 0.10000917867292274,
  "mean_api_calls": 2.0,
  "ece": 0.12495978552278819,
  "auroc": 0.8324825172575738,
  "auprc": 0.8122263262621213,
  "num_uncertain": 0,
  "tier3_f1": 0.5806451612903226,
  "detection_rate_ci": null,
  "f1_hallucination_ci": null,
  "tier_weighted_f1_ci": null,
  "fpr_ci": null,
  "ece_ci": null,
  "mcc_ci": null,
  "tier3_f1_ci": null,
  "per_tier_metrics": {
    "1": {
      "detection_rate": 0.9932885906040269,
      "false_positive_rate": 0.4697855750487329,
      "f1": 0.550185873605948,
      "precision": 0.38046272493573263,
      "num_hallucinated": 149,
      "num_valid": 513
    },
    "2": {
      "detection_rate": 0.9821428571428571,
      "false_positive_rate": 0.4697855750487329,
      "f1": 0.6909547738693467,
      "precision": 0.5329457364341085,
      "num_hallucinated": 280,
      "num_valid": 513
    },
    "3": {
      "detection_rate": 0.9661016949152542,
      "false_positive_rate": 0.4697855750487329,
      "f1": 0.5806451612903226,
      "precision": 0.41504854368932037,
      "num_hallucinated": 177,
      "num_valid": 513
    }
  },
  "per_type_metrics": {
    "arxiv_version_mismatch": {
      "detection_rate": 0.9591836734693877,
      "false_positive_rate": 0.0,
      "f1": 0.9791666666666666,
      "count": 49
    },
    "chimeric_title": {
      "detection_rate": 1.0,
      "false_positive_rate": 0.0,
      "f1": 1.0,
      "count": 47
    },
    "fabricated_doi": {
      "detection_rate": 0.9743589743589743,
      "false_positive_rate": 0.0,
      "f1": 0.9870129870129869,
      "count": 39
    },
    "future_date": {
      "detection_rate": 1.0,
      "false_positive_rate": 0.0,
      "f1": 1.0,
      "count": 30
    },
    "hybrid_fabrication": {
      "detection_rate": 1.0,
      "false_positive_rate": 0.0,
      "f1": 1.0,
      "count": 26
    },
    "merged_citation": {
      "detection_rate": 1.0,
      "false_positive_rate": 0.0,
      "f1": 1.0,
      "count": 30
    },
    "near_miss_title": {
      "detection_rate": 0.9423076923076923,
      "false_positive_rate": 0.0,
      "f1": 0.9702970297029703,
      "count": 52
    },
    "nonexistent_venue": {
      "detection_rate": 1.0,
      "false_positive_rate": 0.0,
      "f1": 1.0,
      "count": 39
    },
    "partial_author_list": {
      "detection_rate": 0.96875,
      "false_positive_rate": 0.0,
      "f1": 0.9841269841269841,
      "count": 32
    },
    "placeholder_authors": {
      "detection_rate": 1.0,
      "false_positive_rate": 0.0,
      "f1": 1.0,
      "count": 41
    },
    "plausible_fabrication": {
      "detection_rate": 0.9868421052631579,
      "false_positive_rate": 0.0,
      "f1": 0.9933774834437086,
      "count": 76
    },
    "preprint_as_published": {
      "detection_rate": 0.967741935483871,
      "false_positive_rate": 0.0,
      "f1": 0.9836065573770492,
      "count": 31
    },
    "swapped_authors": {
      "detection_rate": 0.9701492537313433,
      "false_positive_rate": 0.0,
      "f1": 0.9848484848484849,
      "count": 67
    },
    "valid": {
      "detection_rate": 0.0,
      "false_positive_rate": 0.4697855750487329,
      "f1": 0.0,
      "count": 513
    },
    "wrong_venue": {
      "detection_rate": 0.9787234042553191,
      "false_positive_rate": 0.0,
      "f1": 0.989247311827957,
      "count": 47
    }
  },
  "coverage": 1.0,
  "coverage_adjusted_f1": 0.8244274809160305
}
