{
  "tool_name": "llm_openrouter_qwen_max",
  "split_name": "test_public",
  "num_entries": 831,
  "num_hallucinated": 519,
  "num_valid": 312,
  "detection_rate": 0.9267822736030829,
  "false_positive_rate": 0.6282051282051282,
  "f1_hallucination": 0.8043478260869565,
  "tier_weighted_f1": 0.8749439713133124,
  "mcc": 0.3721027183709518,
  "macro_f1": 0.6511009516700877,
  "union_recall_at_k": {},
  "temporal_robustness": null,
  "cost_efficiency": 0.09448384550456324,
  "mean_api_calls": 1.0,
  "ece": 0.23839951865222622,
  "auroc": 0.6884788300973272,
  "auprc": 0.7382943802170401,
  "num_uncertain": 0,
  "tier3_f1": 0.5836734693877551,
  "detection_rate_ci": null,
  "f1_hallucination_ci": null,
  "tier_weighted_f1_ci": null,
  "fpr_ci": null,
  "ece_ci": null,
  "mcc_ci": null,
  "tier3_f1_ci": null,
  "per_tier_metrics": {
    "1": {
      "detection_rate": 0.9923076923076923,
      "false_positive_rate": 0.6282051282051282,
      "f1": 0.567032967032967,
      "precision": 0.39692307692307693,
      "num_hallucinated": 130,
      "num_valid": 312
    },
    "2": {
      "detection_rate": 0.8781512605042017,
      "false_positive_rate": 0.6282051282051282,
      "f1": 0.6500777604976672,
      "precision": 0.5160493827160494,
      "num_hallucinated": 238,
      "num_valid": 312
    },
    "3": {
      "detection_rate": 0.9470198675496688,
      "false_positive_rate": 0.6282051282051282,
      "f1": 0.5836734693877551,
      "precision": 0.4218289085545723,
      "num_hallucinated": 151,
      "num_valid": 312
    }
  },
  "per_type_metrics": {
    "arxiv_version_mismatch": {
      "detection_rate": 0.9555555555555556,
      "false_positive_rate": 0.0,
      "f1": 0.9772727272727273,
      "count": 45
    },
    "chimeric_title": {
      "detection_rate": 0.9565217391304348,
      "false_positive_rate": 0.0,
      "f1": 0.9777777777777777,
      "count": 23
    },
    "fabricated_doi": {
      "detection_rate": 1.0,
      "false_positive_rate": 0.0,
      "f1": 1.0,
      "count": 29
    },
    "future_date": {
      "detection_rate": 1.0,
      "false_positive_rate": 0.0,
      "f1": 1.0,
      "count": 29
    },
    "hybrid_fabrication": {
      "detection_rate": 1.0,
      "false_positive_rate": 0.0,
      "f1": 1.0,
      "count": 29
    },
    "merged_citation": {
      "detection_rate": 0.9310344827586207,
      "false_positive_rate": 0.0,
      "f1": 0.9642857142857143,
      "count": 29
    },
    "near_miss_title": {
      "detection_rate": 0.85,
      "false_positive_rate": 0.0,
      "f1": 0.9189189189189189,
      "count": 40
    },
    "nonexistent_venue": {
      "detection_rate": 1.0,
      "false_positive_rate": 0.0,
      "f1": 1.0,
      "count": 37
    },
    "partial_author_list": {
      "detection_rate": 0.8387096774193549,
      "false_positive_rate": 0.0,
      "f1": 0.9122807017543859,
      "count": 31
    },
    "placeholder_authors": {
      "detection_rate": 0.9714285714285714,
      "false_positive_rate": 0.0,
      "f1": 0.9855072463768115,
      "count": 35
    },
    "plausible_fabrication": {
      "detection_rate": 1.0,
      "false_positive_rate": 0.0,
      "f1": 1.0,
      "count": 66
    },
    "preprint_as_published": {
      "detection_rate": 0.896551724137931,
      "false_positive_rate": 0.0,
      "f1": 0.9454545454545454,
      "count": 29
    },
    "swapped_authors": {
      "detection_rate": 0.746031746031746,
      "false_positive_rate": 0.0,
      "f1": 0.8545454545454546,
      "count": 63
    },
    "valid": {
      "detection_rate": 0.0,
      "false_positive_rate": 0.6282051282051282,
      "f1": 0.0,
      "count": 312
    },
    "wrong_venue": {
      "detection_rate": 0.9411764705882353,
      "false_positive_rate": 0.0,
      "f1": 0.9696969696969697,
      "count": 34
    }
  },
  "coverage": 1.0,
  "coverage_adjusted_f1": 0.8043478260869565
}
