{
  "tool_name": "llm_openrouter_qwen",
  "split_name": "test_public",
  "num_entries": 831,
  "num_hallucinated": 519,
  "num_valid": 312,
  "detection_rate": 0.9092664092664092,
  "false_positive_rate": 0.6153846153846154,
  "f1_hallucination": 0.7976291278577476,
  "tier_weighted_f1": 0.8650613357564744,
  "mcc": 0.3550584552502823,
  "macro_f1": 0.6493364845969323,
  "union_recall_at_k": {},
  "temporal_robustness": null,
  "cost_efficiency": 0.05428038689120745,
  "mean_api_calls": 1.0,
  "ece": 0.24538554216867464,
  "auroc": 0.6698161073161073,
  "auprc": 0.726185036024864,
  "num_uncertain": 1,
  "tier3_f1": 0.5708333333333333,
  "detection_rate_ci": null,
  "f1_hallucination_ci": null,
  "tier_weighted_f1_ci": null,
  "fpr_ci": null,
  "ece_ci": null,
  "mcc_ci": null,
  "tier3_f1_ci": null,
  "per_tier_metrics": {
    "1": {
      "detection_rate": 0.9769230769230769,
      "false_positive_rate": 0.6153846153846154,
      "f1": 0.5657015590200445,
      "precision": 0.3981191222570533,
      "num_hallucinated": 130,
      "num_valid": 312
    },
    "2": {
      "detection_rate": 0.8734177215189873,
      "false_positive_rate": 0.6153846153846154,
      "f1": 0.6509433962264152,
      "precision": 0.518796992481203,
      "num_hallucinated": 238,
      "num_valid": 312
    },
    "3": {
      "detection_rate": 0.9072847682119205,
      "false_positive_rate": 0.6153846153846154,
      "f1": 0.5708333333333333,
      "precision": 0.41641337386018235,
      "num_hallucinated": 151,
      "num_valid": 312
    }
  },
  "per_type_metrics": {
    "arxiv_version_mismatch": {
      "detection_rate": 0.9333333333333333,
      "false_positive_rate": 0.0,
      "f1": 0.9655172413793104,
      "count": 45
    },
    "chimeric_title": {
      "detection_rate": 1.0,
      "false_positive_rate": 0.0,
      "f1": 1.0,
      "count": 23
    },
    "fabricated_doi": {
      "detection_rate": 1.0,
      "false_positive_rate": 0.0,
      "f1": 1.0,
      "count": 29
    },
    "future_date": {
      "detection_rate": 1.0,
      "false_positive_rate": 0.0,
      "f1": 1.0,
      "count": 29
    },
    "hybrid_fabrication": {
      "detection_rate": 0.896551724137931,
      "false_positive_rate": 0.0,
      "f1": 0.9454545454545454,
      "count": 29
    },
    "merged_citation": {
      "detection_rate": 0.9655172413793104,
      "false_positive_rate": 0.0,
      "f1": 0.9824561403508771,
      "count": 29
    },
    "near_miss_title": {
      "detection_rate": 0.75,
      "false_positive_rate": 0.0,
      "f1": 0.8571428571428571,
      "count": 40
    },
    "nonexistent_venue": {
      "detection_rate": 1.0,
      "false_positive_rate": 0.0,
      "f1": 1.0,
      "count": 37
    },
    "partial_author_list": {
      "detection_rate": 0.7419354838709677,
      "false_positive_rate": 0.0,
      "f1": 0.8518518518518519,
      "count": 31
    },
    "placeholder_authors": {
      "detection_rate": 0.9142857142857143,
      "false_positive_rate": 0.0,
      "f1": 0.955223880597015,
      "count": 35
    },
    "plausible_fabrication": {
      "detection_rate": 0.9848484848484849,
      "false_positive_rate": 0.0,
      "f1": 0.9923664122137404,
      "count": 66
    },
    "preprint_as_published": {
      "detection_rate": 0.9310344827586207,
      "false_positive_rate": 0.0,
      "f1": 0.9642857142857143,
      "count": 29
    },
    "swapped_authors": {
      "detection_rate": 0.7580645161290323,
      "false_positive_rate": 0.0,
      "f1": 0.8623853211009175,
      "count": 63
    },
    "valid": {
      "detection_rate": 0.0,
      "false_positive_rate": 0.6153846153846154,
      "f1": 0.0,
      "count": 312
    },
    "wrong_venue": {
      "detection_rate": 0.9705882352941176,
      "false_positive_rate": 0.0,
      "f1": 0.9850746268656716,
      "count": 34
    }
  },
  "coverage": 1.0,
  "coverage_adjusted_f1": 0.7976291278577476
}
