{
  "tool_name": "llm_openrouter_claude_opus_4_7",
  "split_name": "test_public",
  "num_entries": 831,
  "num_hallucinated": 519,
  "num_valid": 312,
  "detection_rate": 0.7625482625482626,
  "false_positive_rate": 0.0673076923076923,
  "f1_hallucination": 0.8458244111349036,
  "tier_weighted_f1": 0.8706128863279203,
  "mcc": 0.6734889089219546,
  "macro_f1": 0.8237386518484435,
  "union_recall_at_k": {},
  "temporal_robustness": null,
  "cost_efficiency": 0.016408937114796376,
  "mean_api_calls": 1.0,
  "ece": 0.10319277108433733,
  "auroc": 0.8844173844173845,
  "auprc": 0.9082328174778147,
  "num_uncertain": 1,
  "tier3_f1": 0.825938566552901,
  "detection_rate_ci": null,
  "f1_hallucination_ci": null,
  "tier_weighted_f1_ci": null,
  "fpr_ci": null,
  "ece_ci": null,
  "mcc_ci": null,
  "tier3_f1_ci": null,
  "per_tier_metrics": {
    "1": {
      "detection_rate": 0.6153846153846154,
      "false_positive_rate": 0.0673076923076923,
      "f1": 0.6926406926406927,
      "precision": 0.7920792079207921,
      "num_hallucinated": 130,
      "num_valid": 312
    },
    "2": {
      "detection_rate": 0.8185654008438819,
      "false_positive_rate": 0.0673076923076923,
      "f1": 0.8584070796460177,
      "precision": 0.9023255813953488,
      "num_hallucinated": 238,
      "num_valid": 312
    },
    "3": {
      "detection_rate": 0.8013245033112583,
      "false_positive_rate": 0.0673076923076923,
      "f1": 0.825938566552901,
      "precision": 0.852112676056338,
      "num_hallucinated": 151,
      "num_valid": 312
    }
  },
  "per_type_metrics": {
    "arxiv_version_mismatch": {
      "detection_rate": 0.7555555555555555,
      "false_positive_rate": 0.0,
      "f1": 0.8607594936708861,
      "count": 45
    },
    "chimeric_title": {
      "detection_rate": 1.0,
      "false_positive_rate": 0.0,
      "f1": 1.0,
      "count": 23
    },
    "fabricated_doi": {
      "detection_rate": 0.10344827586206896,
      "false_positive_rate": 0.0,
      "f1": 0.1875,
      "count": 29
    },
    "future_date": {
      "detection_rate": 0.1724137931034483,
      "false_positive_rate": 0.0,
      "f1": 0.29411764705882354,
      "count": 29
    },
    "hybrid_fabrication": {
      "detection_rate": 1.0,
      "false_positive_rate": 0.0,
      "f1": 1.0,
      "count": 29
    },
    "merged_citation": {
      "detection_rate": 1.0,
      "false_positive_rate": 0.0,
      "f1": 1.0,
      "count": 29
    },
    "near_miss_title": {
      "detection_rate": 0.55,
      "false_positive_rate": 0.0,
      "f1": 0.7096774193548387,
      "count": 40
    },
    "nonexistent_venue": {
      "detection_rate": 1.0,
      "false_positive_rate": 0.0,
      "f1": 1.0,
      "count": 37
    },
    "partial_author_list": {
      "detection_rate": 0.0967741935483871,
      "false_positive_rate": 0.0,
      "f1": 0.17647058823529413,
      "count": 31
    },
    "placeholder_authors": {
      "detection_rate": 1.0,
      "false_positive_rate": 0.0,
      "f1": 1.0,
      "count": 35
    },
    "plausible_fabrication": {
      "detection_rate": 0.9848484848484849,
      "false_positive_rate": 0.0,
      "f1": 0.9923664122137404,
      "count": 66
    },
    "preprint_as_published": {
      "detection_rate": 0.8620689655172413,
      "false_positive_rate": 0.0,
      "f1": 0.9259259259259259,
      "count": 29
    },
    "swapped_authors": {
      "detection_rate": 0.9032258064516129,
      "false_positive_rate": 0.0,
      "f1": 0.9491525423728813,
      "count": 63
    },
    "valid": {
      "detection_rate": 0.0,
      "false_positive_rate": 0.0673076923076923,
      "f1": 0.0,
      "count": 312
    },
    "wrong_venue": {
      "detection_rate": 0.8529411764705882,
      "false_positive_rate": 0.0,
      "f1": 0.9206349206349206,
      "count": 34
    }
  },
  "coverage": 1.0,
  "coverage_adjusted_f1": 0.8458244111349036
}
