{
  "tool_name": "llm_openrouter_mistral",
  "split_name": "test_public",
  "num_entries": 831,
  "num_hallucinated": 519,
  "num_valid": 312,
  "detection_rate": 0.6878612716763006,
  "false_positive_rate": 0.28205128205128205,
  "f1_hallucination": 0.7406639004149379,
  "tier_weighted_f1": 0.7613390928725701,
  "mcc": 0.39401254696324023,
  "macro_f1": 0.691248855651595,
  "union_recall_at_k": {},
  "temporal_robustness": null,
  "cost_efficiency": 0.09387292215827027,
  "mean_api_calls": 1.0,
  "ece": 0.26154031287605295,
  "auroc": 0.7259491872931179,
  "auprc": 0.7737887565653453,
  "num_uncertain": 0,
  "tier3_f1": 0.6184971098265896,
  "detection_rate_ci": null,
  "f1_hallucination_ci": null,
  "tier_weighted_f1_ci": null,
  "fpr_ci": null,
  "ece_ci": null,
  "mcc_ci": null,
  "tier3_f1_ci": null,
  "per_tier_metrics": {
    "1": {
      "detection_rate": 0.8923076923076924,
      "false_positive_rate": 0.28205128205128205,
      "f1": 0.6946107784431137,
      "precision": 0.5686274509803921,
      "num_hallucinated": 130,
      "num_valid": 312
    },
    "2": {
      "detection_rate": 0.5630252100840336,
      "false_positive_rate": 0.28205128205128205,
      "f1": 0.582608695652174,
      "precision": 0.6036036036036037,
      "num_hallucinated": 238,
      "num_valid": 312
    },
    "3": {
      "detection_rate": 0.7086092715231788,
      "false_positive_rate": 0.28205128205128205,
      "f1": 0.6184971098265896,
      "precision": 0.5487179487179488,
      "num_hallucinated": 151,
      "num_valid": 312
    }
  },
  "per_type_metrics": {
    "arxiv_version_mismatch": {
      "detection_rate": 0.5555555555555556,
      "false_positive_rate": 0.0,
      "f1": 0.7142857142857143,
      "count": 45
    },
    "chimeric_title": {
      "detection_rate": 0.8260869565217391,
      "false_positive_rate": 0.0,
      "f1": 0.9047619047619047,
      "count": 23
    },
    "fabricated_doi": {
      "detection_rate": 0.8620689655172413,
      "false_positive_rate": 0.0,
      "f1": 0.9259259259259259,
      "count": 29
    },
    "future_date": {
      "detection_rate": 1.0,
      "false_positive_rate": 0.0,
      "f1": 1.0,
      "count": 29
    },
    "hybrid_fabrication": {
      "detection_rate": 0.896551724137931,
      "false_positive_rate": 0.0,
      "f1": 0.9454545454545454,
      "count": 29
    },
    "merged_citation": {
      "detection_rate": 0.6551724137931034,
      "false_positive_rate": 0.0,
      "f1": 0.7916666666666666,
      "count": 29
    },
    "near_miss_title": {
      "detection_rate": 0.575,
      "false_positive_rate": 0.0,
      "f1": 0.7301587301587301,
      "count": 40
    },
    "nonexistent_venue": {
      "detection_rate": 0.8648648648648649,
      "false_positive_rate": 0.0,
      "f1": 0.927536231884058,
      "count": 37
    },
    "partial_author_list": {
      "detection_rate": 0.25806451612903225,
      "false_positive_rate": 0.0,
      "f1": 0.41025641025641024,
      "count": 31
    },
    "placeholder_authors": {
      "detection_rate": 0.8571428571428571,
      "false_positive_rate": 0.0,
      "f1": 0.923076923076923,
      "count": 35
    },
    "plausible_fabrication": {
      "detection_rate": 0.8939393939393939,
      "false_positive_rate": 0.0,
      "f1": 0.944,
      "count": 66
    },
    "preprint_as_published": {
      "detection_rate": 0.4827586206896552,
      "false_positive_rate": 0.0,
      "f1": 0.6511627906976745,
      "count": 29
    },
    "swapped_authors": {
      "detection_rate": 0.4603174603174603,
      "false_positive_rate": 0.0,
      "f1": 0.6304347826086957,
      "count": 63
    },
    "valid": {
      "detection_rate": 0.0,
      "false_positive_rate": 0.28205128205128205,
      "f1": 0.0,
      "count": 312
    },
    "wrong_venue": {
      "detection_rate": 0.5588235294117647,
      "false_positive_rate": 0.0,
      "f1": 0.7169811320754718,
      "count": 34
    }
  },
  "coverage": 1.0,
  "coverage_adjusted_f1": 0.7406639004149379
}
