cell,display,budget,n,parse_failure,p95,cap,saturation,dr,fpr,f1,mcc,mean_tokens,p95_tokens,wall_clock_s,cost_usd
gpt-5-5_a,GPT-5.5,256,100,0.66,256,256,1.0,0.1,0.0,0.18181818181818182,0.1796053020267749,248.59,256,570.5909420200223,0.8672299999999998
gpt-5-5_b,GPT-5.5,1024,100,0.12,1024,1024,1.0,0.5571428571428572,0.0,0.7155963302752294,0.5234545671218749,509.63,1024,1069.9381893069876,1.650405
gpt-5-5_c,GPT-5.5,4096,100,0.01,1389,4096,0.339111328125,0.6428571428571429,0.0,0.782608695652174,0.5921565254637922,602.24,1389,1259.986132202037,1.9282350000000001
gemini-3-1-pro_a,Gemini 3.1 Pro,2048 + 1024 reas.,100,0.0,2044,2048,0.998046875,0.6571428571428571,0.03333333333333333,0.7863247863247863,0.5727627749628723,834.23,2044,898.7422557220052,1.341687
gemini-3-1-pro_b,Gemini 3.1 Pro,8192 + 4096 reas.,100,0.01,7937,8192,0.9688720703125,0.6285714285714286,0.03333333333333333,0.7652173913043477,0.5482930791331408,1183.01,7937,1356.8526130880346,1.8661765000000001
gemini-3-1-pro_c,Gemini 3.1 Pro,16384 + 8192 reas.,100,0.01,15793,16384,0.96392822265625,0.6428571428571429,0.03333333333333333,0.7758620689655172,0.560434066658916,1687.96,15793,1722.7219324760154,2.6235280000000003
deepseek-v4-pro_a,DeepSeek-V4-Pro,"4096, effort=low",100,0.06,4096,4096,1.0,0.6,0.0,0.7499999999999999,0.5570860145311556,1281.75,4096,3739.994519998938,0.16141109999999997
deepseek-v4-pro_b,DeepSeek-V4-Pro,"8192, effort=high",100,0.0,3002,8192,0.366455078125,0.7,0.03333333333333333,0.8166666666666667,0.6110100926607787,1239.94,3002,3595.674592923984,0.1563939
deepseek-v4-pro_c,DeepSeek-V4-Pro,"16384, effort=high",100,0.0,3463,16384,0.21136474609375,0.6428571428571429,0.0,0.782608695652174,0.5921565254637922,1354.92,3463,3959.476566158017,0.1699545
