{
  "split": "dev_public",
  "n": 150,
  "seed": 42,
  "n_hallucinated": 85,
  "n_valid": 65,
  "population_frac_hallucinated": 0.5656836461126006,
  "subsample_frac_hallucinated": 0.5666666666666667,
  "bibtex_keys": [
    "c610e190b530",
    "bb8032fd12d8",
    "e83d06d96f8e",
    "87a25c18d319",
    "a5d63032de4c",
    "fde9ed228bbc",
    "b4d93e177279",
    "cfbec5d31f71",
    "ba41340acea8",
    "b5e802d51ded",
    "e73343fc5b98",
    "cbae5ba7826b",
    "e9ac76658795",
    "b9d6afcdc61e",
    "bfa63f49d844",
    "ad4df9c829f4",
    "c39bb75de89c",
    "a5d8103a6ffa",
    "d168da0ecb71",
    "be764c4d9889",
    "b88ab190ab08",
    "d8ba52c48ab1",
    "a8e70624591a",
    "ec8979de9bfb",
    "fafe2f4cffda",
    "db228049d7a9",
    "0184a693b2bf",
    "a0ec0badfca6",
    "e1a8169dfd6c",
    "8c43969b72ce",
    "a858a493a8e8",
    "d69552899496",
    "c9b3c57def78",
    "26d2ae9ea0e6",
    "f6f340ab27ef",
    "9abd113363ad",
    "c27d9920107a",
    "d8c2186f1e7c",
    "e359ff625858",
    "e233705e5dda",
    "f1c9fe34732c",
    "cd5941e0ef7e",
    "b9474b009964",
    "d12d482e035d",
    "e652f727a0ab",
    "f8efa49a7e02",
    "ab7c03be5d66",
    "e008bd9afc81",
    "a603db063be6",
    "d4c1aacd87ff",
    "bc2516a9cfdf",
    "dd746729c2fb",
    "f7be1d7f99f9",
    "a1d8a34bfd70",
    "d80306fd2111",
    "bb24fd1afd4c",
    "a8c1698a41e3",
    "d861e506bb2a",
    "c83b8b376c7d",
    "ceca351021d9",
    "bfe502221da0",
    "f10fc5dcd2c1",
    "dbc82b3e244e",
    "0a3f7b6a9905",
    "aff3df193dde",
    "b13a0e12a1e4",
    "ad46dd2009a8",
    "c3b0ace597da",
    "d0777f0ff943",
    "c8761718cfb5",
    "c2c03fe257a5",
    "cec254cc5b48",
    "e09b5179b19b",
    "c0996f00a40f",
    "1c484516bb04",
    "d22e7c3e35ed",
    "f3524051762b",
    "e32ec34fae7e",
    "c3cfb1c8227a",
    "e6e53ba3158f",
    "aec7940da59e",
    "883321e7088f",
    "b6f0943bf5d7",
    "cbb18f504ec8",
    "e826a4e2e288",
    "a5acaa736d25",
    "bfd610cb89cd",
    "d67418c187b2",
    "c77e15688bec",
    "f5c45a3a73f6",
    "f2c069624cd4",
    "ed45f4174b1d",
    "dae1eb71d49a",
    "c3b2242828f1",
    "b198ac27e836",
    "be35c87a242a",
    "fe44dcc587ce",
    "a5f3fdcab699",
    "e0104600f48f",
    "cdfd89c8999f",
    "ed58201d7edf",
    "e46569e58655",
    "b5de5b9ca12d",
    "a1ee92fab537",
    "c25800b9a9c3",
    "aa27de4ff20f",
    "b1e1546cff1b",
    "b5f9d999f754",
    "f8d361220ec8",
    "ced7ce302ff0",
    "ad2869ce3435",
    "b8774e6745b1",
    "ac7657669b2e",
    "ada7bb27c934",
    "cfdef82b1826",
    "cb48d6d467c7",
    "f05f8aa59e5d",
    "bab76a6e9e66",
    "e6b8bd69693f",
    "ad73125cb4d0",
    "a5c19bd99eda",
    "cb164ae84890",
    "f8c99cf8c80e",
    "b53fff577a5c",
    "caccc8ea4b04",
    "abcf65e83a07",
    "cb56c084fa9f",
    "b4e4bc802c52",
    "cd906ff8ac4f",
    "e1de1df73455",
    "f21986802234",
    "e6e424baae41",
    "f56a99ba81ba",
    "d5979e539efa",
    "e3cd8f94148a",
    "ac19f67d3d2e",
    "a05291223406",
    "fd2fa0f0314d",
    "c65faf378a95",
    "ed563d820f1b",
    "d92e4029befa",
    "bf240b463f43",
    "c1fa70dcf4ac",
    "ceca8523cdca",
    "d99a37cb1e28",
    "c231523e4693",
    "c1eb3c2e5f89",
    "d46c5fa004ad",
    "c033c566368d",
    "a0478afc6fb9"
  ]
}
